chain, residue_label, residue_name, score, zscore, probability, pocket
B,    2, VAL,  0.8908,   0.1171,   0.1128, 0
B,    3, GLY,  0.3501,  -0.1843,   0.0185, 0
B,    4, ALA,  0.8807,   0.1114,   0.1104, 0
B,    5, CYS,  0.3672,  -0.1748,   0.0201, 0
B,    6, VAL,  1.4023,   0.4022,   0.2545, 0
B,    7, LEU,  0.0816,  -0.3340,   0.0018, 0
B,    8, CYS,  0.0617,  -0.3451,   0.0013, 0
B,    9, ASN,  0.0934,  -0.3274,   0.0021, 0
B,   10, SER,  0.0496,  -0.3518,   0.0010, 0
B,   11, GLN,  0.0627,  -0.3445,   0.0013, 0
B,   12, THR,  0.0012,  -0.3788,   0.0002, 0
B,   13, SER,  0.4394,  -0.1345,   0.0282, 0
B,   14, LEU,  0.2732,  -0.2272,   0.0118, 0
B,   15, ARG,  1.3646,   0.3812,   0.2435, 0
B,   16, CYS,  0.0021,  -0.3783,   0.0003, 0
B,   17, GLY,  0.1429,  -0.2998,   0.0040, 0
B,   18, ALA,  0.1978,  -0.2692,   0.0067, 0
B,   19, CYS,  0.2012,  -0.2673,   0.0069, 0
B,   20, ILE,  0.4134,  -0.1490,   0.0251, 0
B,   21, ARG,  1.3205,   0.3566,   0.2308, 0
B,   22, ARG,  2.2837,   0.8935,   0.4775, 0
B,   23, PRO,  1.3585,   0.3778,   0.2417, 0
B,   24, PHE,  1.9665,   0.7167,   0.4053, 0
B,   25, LEU,  0.0000,  -0.3795,   0.0002, 0
B,   26, CYS,  0.0008,  -0.3790,   0.0002, 0
B,   27, CYS,  0.0461,  -0.3537,   0.0009, 0
B,   28, LYS,  0.0370,  -0.3588,   0.0008, 0
B,   29, CYS,  0.0081,  -0.3749,   0.0003, 0
B,   30, CYS,  0.0000,  -0.3795,   0.0002, 0
B,   31, TYR,  0.1932,  -0.2718,   0.0065, 0
B,   32, ASP,  0.0593,  -0.3464,   0.0012, 0
B,   33, HIS,  0.0067,  -0.3757,   0.0003, 0
B,   34, VAL,  0.0291,  -0.3633,   0.0006, 0
B,   35, ILE,  0.1253,  -0.3096,   0.0033, 0
B,   36, SER,  0.0679,  -0.3416,   0.0014, 0
B,   37, THR,  0.0464,  -0.3536,   0.0009, 0
B,   38, SER,  0.0622,  -0.3448,   0.0013, 0
B,   39, HIS,  0.2268,  -0.2530,   0.0085, 0
B,   40, LYS,  0.0449,  -0.3545,   0.0009, 0
B,   41, LEU,  0.3169,  -0.2028,   0.0154, 0
B,   42, VAL,  0.0220,  -0.3672,   0.0005, 0
B,   43, LEU,  0.8701,   0.1055,   0.1078, 0
B,   44, SER,  0.9068,   0.1260,   0.1169, 12
B,   45, VAL,  0.9857,   0.1700,   0.1371, 12
B,   46, ASN,  0.4751,  -0.1146,   0.0326, 12
B,   47, PRO,  0.4603,  -0.1229,   0.0307, 0
B,   48, TYR,  0.4085,  -0.1518,   0.0245, 12
B,   49, VAL,  0.1741,  -0.2824,   0.0055, 0
B,   50, CYS,  0.0410,  -0.3566,   0.0008, 0
B,   51, ASN,  0.2332,  -0.2495,   0.0089, 0
B,   52, ALA,  0.1237,  -0.3105,   0.0032, 0
B,   53, PRO,  0.1371,  -0.3030,   0.0038, 0
B,   54, GLY,  0.1472,  -0.2974,   0.0042, 0
B,   55, CYS,  0.4016,  -0.1556,   0.0237, 0
B,   56, ASP,  0.2576,  -0.2359,   0.0106, 0
B,   57, VAL,  0.3690,  -0.1738,   0.0203, 0
B,   58, THR,  0.0963,  -0.3258,   0.0022, 0
B,   59, ASP,  0.0361,  -0.3593,   0.0007, 0
B,   60, VAL,  0.0437,  -0.3551,   0.0009, 0
B,   61, THR,  0.1385,  -0.3023,   0.0038, 0
B,   62, GLN,  0.0975,  -0.3251,   0.0023, 0
B,   63, LEU,  0.0460,  -0.3538,   0.0009, 0
B,   64, TYR,  0.1630,  -0.2886,   0.0049, 0
B,   65, LEU,  0.7863,   0.0588,   0.0881, 12
B,   66, GLY,  0.2106,  -0.2621,   0.0075, 0
B,   67, GLY,  0.2831,  -0.2217,   0.0126, 0
B,   68, MET,  0.4567,  -0.1249,   0.0302, 12
B,   69, SER,  0.3031,  -0.2105,   0.0142, 0
B,   70, TYR,  0.5303,  -0.0839,   0.0403, 12
B,   71, TYR,  0.2461,  -0.2423,   0.0098, 0
B,   72, CYS,  0.3442,  -0.1876,   0.0179, 0
B,   73, LYS,  0.2784,  -0.2243,   0.0122, 0
B,   74, SER,  0.3601,  -0.1788,   0.0194, 0
B,   75, HIS,  0.4891,  -0.1068,   0.0344, 0
B,   76, LYS,  0.1833,  -0.2773,   0.0059, 0
B,   77, PRO,  0.1937,  -0.2715,   0.0065, 0
B,   78, PRO,  0.0877,  -0.3306,   0.0020, 0
B,   79, ILE,  0.1407,  -0.3011,   0.0039, 0
B,   80, SER,  0.0894,  -0.3296,   0.0020, 0
B,   81, PHE,  1.0991,   0.2332,   0.1679, 0
B,   82, PRO,  0.3734,  -0.1713,   0.0207, 0
B,   83, LEU,  0.3059,  -0.2090,   0.0145, 0
B,   84, CYS,  0.2987,  -0.2130,   0.0139, 0
B,   85, ALA,  0.3429,  -0.1883,   0.0178, 0
B,   86, ASN,  0.2799,  -0.2234,   0.0123, 0
B,   87, GLY,  0.1430,  -0.2998,   0.0040, 0
B,   88, GLN,  0.1722,  -0.2835,   0.0054, 0
B,   89, VAL,  0.0815,  -0.3340,   0.0018, 0
B,   90, PHE,  1.3965,   0.3989,   0.2528, 12
B,   91, GLY,  0.5029,  -0.0991,   0.0363, 0
B,   92, LEU,  0.8763,   0.1090,   0.1093, 12
B,   93, TYR,  0.4212,  -0.1447,   0.0260, 0
B,   94, LYS,  0.1760,  -0.2814,   0.0056, 0
B,   95, ASN,  0.0857,  -0.3317,   0.0019, 0
B,   96, THR,  0.0675,  -0.3418,   0.0014, 0
B,   97, CYS,  0.0532,  -0.3498,   0.0011, 0
B,   98, VAL,  0.0660,  -0.3427,   0.0014, 0
B,   99, GLY,  0.0419,  -0.3561,   0.0009, 0
B,  100, SER,  0.0729,  -0.3389,   0.0015, 0
B,  101, ASP,  0.0071,  -0.3755,   0.0003, 0
B,  102, ASN,  0.0499,  -0.3517,   0.0010, 0
B,  103, VAL,  0.0413,  -0.3564,   0.0008, 0
B,  104, THR,  0.0487,  -0.3523,   0.0010, 0
B,  105, ASP,  0.0504,  -0.3514,   0.0010, 0
B,  106, PHE,  0.0206,  -0.3680,   0.0005, 0
B,  107, ASN,  0.0622,  -0.3448,   0.0013, 0
B,  108, ALA,  0.1652,  -0.2874,   0.0050, 0
B,  109, ILE,  0.2031,  -0.2662,   0.0070, 0
B,  110, ALA,  0.2428,  -0.2441,   0.0096, 0
B,  111, THR,  0.2803,  -0.2232,   0.0124, 0
B,  112, CYS,  0.3675,  -0.1746,   0.0202, 0
B,  113, ASP,  0.1838,  -0.2770,   0.0060, 0
B,  114, TRP,  0.2813,  -0.2227,   0.0124, 0
B,  115, THR,  0.1604,  -0.2901,   0.0048, 0
B,  116, ASN,  0.1239,  -0.3104,   0.0032, 0
B,  117, ALA,  0.0804,  -0.3347,   0.0017, 0
B,  118, GLY,  0.2082,  -0.2634,   0.0073, 0
B,  119, ASP,  0.2653,  -0.2316,   0.0112, 0
B,  120, TYR,  0.2278,  -0.2525,   0.0086, 13
B,  121, ILE,  0.1092,  -0.3186,   0.0027, 0
B,  122, LEU,  0.1383,  -0.3024,   0.0038, 0
B,  123, ALA,  0.1407,  -0.3010,   0.0039, 13
B,  124, ASN,  0.3806,  -0.1673,   0.0215, 13
B,  125, THR,  0.1615,  -0.2895,   0.0048, 0
B,  126, CYS,  0.1202,  -0.3125,   0.0031, 0
B,  127, THR,  0.0876,  -0.3307,   0.0020, 0
B,  128, GLU,  0.3465,  -0.1863,   0.0181, 0
B,  129, ARG,  1.5401,   0.4790,   0.2939, 0
B,  130, LEU,  0.0543,  -0.3492,   0.0011, 0
B,  131, LYS,  0.5909,  -0.0501,   0.0498, 0
B,  132, LEU,  0.3980,  -0.1576,   0.0233, 0
B,  133, PHE,  0.8479,   0.0932,   0.1024, 0
B,  134, ALA,  0.1399,  -0.3015,   0.0039, 0
B,  135, ALA,  0.2731,  -0.2272,   0.0118, 13
B,  136, GLU,  1.1649,   0.2699,   0.1865, 0
B,  137, THR,  0.2930,  -0.2162,   0.0134, 0
B,  138, LEU,  0.3429,  -0.1883,   0.0178, 13
B,  139, LYS,  0.6784,  -0.0013,   0.0654, 6
B,  140, ALA,  0.1801,  -0.2791,   0.0058, 0
B,  141, THR,  0.2613,  -0.2338,   0.0109, 0
B,  142, GLU,  0.3852,  -0.1647,   0.0220, 6
B,  143, GLU,  0.2741,  -0.2267,   0.0119, 6
B,  144, THR,  0.0926,  -0.3278,   0.0021, 0
B,  145, PHE,  0.6432,  -0.0209,   0.0588, 0
B,  146, LYS,  0.2553,  -0.2372,   0.0105, 6
B,  147, LEU,  0.2636,  -0.2325,   0.0111, 0
B,  148, SER,  0.1443,  -0.2991,   0.0041, 0
B,  149, TYR,  0.5370,  -0.0801,   0.0414, 0
B,  150, GLY,  0.0412,  -0.3565,   0.0008, 0
B,  151, ILE,  0.7587,   0.0434,   0.0820, 0
B,  152, ALA,  0.0462,  -0.3537,   0.0009, 0
B,  153, THR,  0.1891,  -0.2741,   0.0062, 0
B,  154, VAL,  0.0662,  -0.3426,   0.0014, 0
B,  155, ARG,  0.0340,  -0.3605,   0.0007, 0
B,  156, GLU,  0.0210,  -0.3678,   0.0005, 0
B,  157, VAL,  0.0261,  -0.3649,   0.0006, 0
B,  158, LEU,  0.0255,  -0.3652,   0.0006, 0
B,  159, SER,  0.0215,  -0.3675,   0.0005, 0
B,  160, ASP,  0.0404,  -0.3570,   0.0008, 0
B,  161, ARG,  0.0373,  -0.3587,   0.0008, 0
B,  162, GLU,  0.0327,  -0.3612,   0.0007, 0
B,  163, LEU,  0.2225,  -0.2554,   0.0082, 0
B,  164, HIS,  0.2952,  -0.2149,   0.0136, 0
B,  165, LEU,  0.6219,  -0.0328,   0.0550, 0
B,  166, SER,  0.2548,  -0.2374,   0.0104, 0
B,  167, TRP,  1.1590,   0.2666,   0.1847, 0
B,  168, GLU,  0.0886,  -0.3301,   0.0020, 0
B,  169, VAL,  0.0175,  -0.3697,   0.0005, 0
B,  170, GLY,  0.0106,  -0.3736,   0.0004, 0
B,  171, LYS,  0.1074,  -0.3196,   0.0026, 0
B,  172, PRO,  0.1575,  -0.2917,   0.0047, 0
B,  173, ARG,  1.3603,   0.3788,   0.2422, 0
B,  174, PRO,  0.7110,   0.0168,   0.0719, 0
B,  175, PRO,  0.4880,  -0.1074,   0.0343, 0
B,  176, LEU,  1.4368,   0.4214,   0.2645, 0
B,  177, ASN,  0.7544,   0.0410,   0.0810, 3
B,  178, ARG,  0.5710,  -0.0612,   0.0466, 0
B,  179, ASN,  0.9680,   0.1601,   0.1326, 3
B,  180, TYR,  0.3505,  -0.1841,   0.0185, 6
B,  181, VAL,  0.1230,  -0.3109,   0.0032, 6
B,  182, PHE,  0.0530,  -0.3499,   0.0011, 0
B,  183, THR,  0.2290,  -0.2518,   0.0087, 0
B,  184, GLY,  0.0346,  -0.3602,   0.0007, 0
B,  185, TYR,  1.7603,   0.6018,   0.3535, 0
B,  186, ARG,  0.4783,  -0.1128,   0.0330, 0
B,  187, VAL,  0.1921,  -0.2724,   0.0064, 0
B,  188, THR,  0.0756,  -0.3373,   0.0016, 0
B,  189, LYS,  0.0584,  -0.3469,   0.0012, 0
B,  190, ASN,  0.0488,  -0.3523,   0.0010, 0
B,  191, SER,  0.6052,  -0.0421,   0.0522, 0
B,  192, LYS,  2.1219,   0.8033,   0.4413, 0
B,  193, VAL,  1.0112,   0.1842,   0.1439, 0
B,  194, GLN,  2.2383,   0.8682,   0.4677, 0
B,  195, ILE,  0.9949,   0.1751,   0.1396, 0
B,  196, GLY,  0.5863,  -0.0527,   0.0491, 0
B,  197, GLU,  0.4483,  -0.1296,   0.0292, 0
B,  198, TYR,  0.0547,  -0.3490,   0.0011, 0
B,  199, THR,  0.2279,  -0.2525,   0.0086, 0
B,  200, PHE,  0.0584,  -0.3469,   0.0012, 0
B,  201, GLU,  1.3453,   0.3704,   0.2379, 0
B,  202, LYS,  0.7638,   0.0463,   0.0831, 0
B,  203, GLY,  0.1498,  -0.2960,   0.0043, 0
B,  208, ALA,  0.6719,  -0.0049,   0.0642, 0
B,  209, VAL,  1.0634,   0.2133,   0.1581, 0
B,  210, VAL,  0.2264,  -0.2532,   0.0085, 0
B,  211, TYR,  0.0615,  -0.3452,   0.0013, 0
B,  212, ARG,  0.1376,  -0.3028,   0.0038, 0
B,  213, GLY,  0.0421,  -0.3560,   0.0009, 0
B,  214, THR,  0.2307,  -0.2509,   0.0088, 0
B,  215, THR,  0.3674,  -0.1747,   0.0201, 0
B,  216, THR,  0.1122,  -0.3169,   0.0028, 0
B,  217, TYR,  1.0245,   0.1916,   0.1475, 0
B,  218, LYS,  0.1384,  -0.3023,   0.0038, 0
B,  219, LEU,  0.1343,  -0.3046,   0.0036, 0
B,  220, ASN,  0.1519,  -0.2948,   0.0044, 0
B,  221, VAL,  0.0409,  -0.3567,   0.0008, 0
B,  222, GLY,  0.1558,  -0.2926,   0.0046, 0
B,  223, ASP,  0.3163,  -0.2032,   0.0154, 0
B,  224, TYR,  1.0389,   0.1996,   0.1513, 0
B,  225, PHE,  0.0938,  -0.3272,   0.0021, 0
B,  226, VAL,  0.7110,   0.0168,   0.0719, 0
B,  227, LEU,  0.4456,  -0.1311,   0.0289, 0
B,  228, THR,  0.9489,   0.1495,   0.1276, 6
B,  229, SER,  0.6774,  -0.0019,   0.0652, 0
B,  230, HIS,  0.9357,   0.1421,   0.1242, 0
B,  231, THR,  0.5552,  -0.0700,   0.0441, 9
B,  232, VAL,  0.3075,  -0.2081,   0.0146, 0
B,  233, MET,  0.5718,  -0.0607,   0.0467, 9
B,  234, PRO,  1.2390,   0.3112,   0.2074, 9
B,  235, LEU,  1.2426,   0.3132,   0.2084, 9
B,  236, SER,  0.1418,  -0.3004,   0.0040, 0
B,  237, ALA,  0.0350,  -0.3600,   0.0007, 0
B,  238, PRO,  0.1269,  -0.3088,   0.0033, 0
B,  239, THR,  0.3200,  -0.2011,   0.0157, 0
B,  240, LEU,  0.6002,  -0.0449,   0.0513, 0
B,  241, VAL,  0.3021,  -0.2111,   0.0141, 0
B,  242, PRO,  0.1055,  -0.3207,   0.0025, 0
B,  243, GLN,  0.4788,  -0.1126,   0.0330, 0
B,  244, GLU,  0.0436,  -0.3552,   0.0009, 0
B,  245, HIS,  0.4410,  -0.1336,   0.0284, 0
B,  246, TYR,  0.1159,  -0.3149,   0.0029, 0
B,  247, VAL,  0.0757,  -0.3373,   0.0016, 0
B,  248, ARG,  0.0459,  -0.3539,   0.0009, 0
B,  249, ILE,  0.0675,  -0.3419,   0.0014, 0
B,  250, THR,  0.0806,  -0.3346,   0.0018, 0
B,  251, GLY,  0.0998,  -0.3238,   0.0023, 0
B,  252, LEU,  0.0513,  -0.3509,   0.0010, 0
B,  253, TYR,  0.1323,  -0.3057,   0.0036, 0
B,  254, PRO,  0.0527,  -0.3501,   0.0011, 0
B,  255, THR,  0.0771,  -0.3365,   0.0017, 0
B,  256, LEU,  0.0328,  -0.3612,   0.0007, 0
B,  257, ASN,  0.0897,  -0.3295,   0.0020, 0
B,  258, ILE,  0.1316,  -0.3061,   0.0035, 0
B,  259, SER,  0.0960,  -0.3259,   0.0022, 0
B,  260, ASP,  0.0297,  -0.3629,   0.0006, 0
B,  261, GLU,  0.8365,   0.0868,   0.0997, 14
B,  262, PHE,  0.3429,  -0.1883,   0.0178, 0
B,  263, SER,  0.0377,  -0.3584,   0.0008, 0
B,  264, SER,  1.2124,   0.2963,   0.1999, 0
B,  265, ASN,  1.1319,   0.2514,   0.1771, 0
B,  266, VAL,  0.0503,  -0.3514,   0.0010, 0
B,  267, ALA,  0.0531,  -0.3499,   0.0011, 0
B,  268, ASN,  0.1235,  -0.3106,   0.0032, 0
B,  269, TYR,  0.0047,  -0.3768,   0.0003, 0
B,  270, GLN,  0.0747,  -0.3378,   0.0016, 0
B,  271, LYS,  0.1878,  -0.2748,   0.0062, 0
B,  272, VAL,  0.0091,  -0.3744,   0.0003, 0
B,  273, GLY,  0.0000,  -0.3795,   0.0002, 0
B,  274, MET,  0.1156,  -0.3150,   0.0029, 0
B,  275, GLN,  0.4200,  -0.1453,   0.0258, 0
B,  276, LYS,  0.1604,  -0.2901,   0.0048, 0
B,  277, TYR,  0.8067,   0.0702,   0.0927, 0
B,  278, SER,  0.1892,  -0.2740,   0.0063, 0
B,  279, THR,  0.2846,  -0.2209,   0.0127, 0
B,  280, LEU,  0.0000,  -0.3795,   0.0002, 0
B,  281, GLN,  0.4667,  -0.1193,   0.0315, 0
B,  282, GLY,  1.6534,   0.5422,   0.3249, 0
B,  283, PRO,  2.9637,   1.2725,   0.6055, 0
B,  284, PRO,  2.9556,   1.2680,   0.6041, 2
B,  285, GLY,  3.9745,   1.8359,   0.7391, 2
B,  286, THR,  4.3378,   2.0384,   0.7736, 0
B,  287, GLY,  3.7827,   1.7290,   0.7179, 2
B,  288, LYS,  5.3279,   2.5903,   0.8454, 2
B,  289, SER,  2.7753,   1.1675,   0.5734, 2
B,  290, HIS,  2.0100,   0.7409,   0.4158, 14
B,  291, PHE,  0.7435,   0.0349,   0.0787, 0
B,  292, ALA,  0.0000,  -0.3795,   0.0002, 0
B,  293, ILE,  0.0113,  -0.3731,   0.0004, 0
B,  294, GLY,  0.0000,  -0.3795,   0.0002, 0
B,  295, LEU,  0.0000,  -0.3795,   0.0002, 0
B,  296, ALA,  0.0564,  -0.3480,   0.0012, 0
B,  297, LEU,  0.1678,  -0.2859,   0.0051, 0
B,  298, TYR,  0.0943,  -0.3269,   0.0022, 0
B,  299, TYR,  0.0295,  -0.3630,   0.0006, 0
B,  300, PRO,  0.0883,  -0.3302,   0.0020, 0
B,  301, SER,  0.1206,  -0.3122,   0.0031, 0
B,  302, ALA,  0.0446,  -0.3546,   0.0009, 0
B,  303, ARG,  0.0572,  -0.3476,   0.0012, 0
B,  304, ILE,  0.0000,  -0.3795,   0.0002, 0
B,  305, VAL,  0.0000,  -0.3795,   0.0002, 0
B,  306, TYR,  0.0000,  -0.3795,   0.0002, 0
B,  307, THR,  0.0000,  -0.3795,   0.0002, 0
B,  308, ALA,  0.1257,  -0.3094,   0.0033, 0
B,  309, CYS,  0.9771,   0.1652,   0.1349, 0
B,  310, SER,  0.8791,   0.1106,   0.1100, 0
B,  311, HIS,  0.2992,  -0.2127,   0.0139, 0
B,  312, ALA,  0.2480,  -0.2412,   0.0100, 0
B,  313, ALA,  0.4210,  -0.1448,   0.0259, 2
B,  314, VAL,  0.0523,  -0.3503,   0.0011, 0
B,  315, ASP,  0.0397,  -0.3573,   0.0008, 0
B,  316, ALA,  0.4389,  -0.1348,   0.0281, 2
B,  317, LEU,  0.2728,  -0.2274,   0.0118, 0
B,  318, CYS,  0.0040,  -0.3772,   0.0003, 0
B,  319, GLU,  0.0480,  -0.3527,   0.0010, 0
B,  320, LYS,  0.3997,  -0.1567,   0.0235, 2
B,  321, ALA,  0.0044,  -0.3770,   0.0003, 0
B,  322, LEU,  0.0242,  -0.3659,   0.0006, 0
B,  323, LYS,  0.1279,  -0.3082,   0.0034, 14
B,  324, TYR,  0.2298,  -0.2514,   0.0087, 0
B,  325, LEU,  0.0753,  -0.3375,   0.0016, 0
B,  326, PRO,  0.0637,  -0.3439,   0.0013, 0
B,  327, ILE,  0.0280,  -0.3638,   0.0006, 0
B,  328, ASP,  0.0543,  -0.3492,   0.0011, 0
B,  329, LYS,  0.5447,  -0.0758,   0.0425, 0
B,  330, CYS,  0.0012,  -0.3788,   0.0002, 0
B,  331, SER,  0.0015,  -0.3786,   0.0003, 0
B,  332, ARG,  0.0000,  -0.3795,   0.0002, 0
B,  333, ILE,  0.0336,  -0.3608,   0.0007, 0
B,  334, ILE,  0.3506,  -0.1840,   0.0185, 0
B,  335, PRO,  0.3823,  -0.1664,   0.0217, 0
B,  336, ALA,  0.4603,  -0.1229,   0.0307, 0
B,  340, VAL,  0.5345,  -0.0815,   0.0410, 0
B,  341, GLU,  0.1567,  -0.2921,   0.0046, 0
B,  342, CYS,  0.1380,  -0.3026,   0.0038, 0
B,  343, PHE,  0.0673,  -0.3420,   0.0014, 0
B,  344, ASP,  0.0446,  -0.3546,   0.0009, 0
B,  345, LYS,  0.0331,  -0.3610,   0.0007, 0
B,  346, PHE,  0.0071,  -0.3755,   0.0003, 0
B,  347, LYS,  0.0997,  -0.3239,   0.0023, 0
B,  348, VAL,  0.2224,  -0.2555,   0.0082, 0
B,  349, ASN,  0.4461,  -0.1308,   0.0290, 0
B,  350, SER,  0.1585,  -0.2911,   0.0047, 0
B,  351, THR,  0.2061,  -0.2646,   0.0072, 0
B,  352, LEU,  0.7503,   0.0388,   0.0802, 0
B,  353, GLU,  0.8335,   0.0851,   0.0990, 0
B,  354, GLN,  0.2512,  -0.2394,   0.0102, 0
B,  355, TYR,  0.0560,  -0.3483,   0.0011, 0
B,  356, VAL,  0.0000,  -0.3795,   0.0002, 0
B,  357, PHE,  0.0000,  -0.3795,   0.0002, 0
B,  358, CYS,  0.0130,  -0.3722,   0.0004, 0
B,  359, THR,  0.0957,  -0.3261,   0.0022, 0
B,  360, VAL,  0.2177,  -0.2581,   0.0079, 0
B,  361, ASN,  0.6973,   0.0092,   0.0691, 6
B,  362, ALA,  0.1157,  -0.3150,   0.0029, 0
B,  363, LEU,  0.0719,  -0.3394,   0.0015, 0
B,  364, PRO,  0.1173,  -0.3141,   0.0030, 0
B,  365, GLU,  0.0941,  -0.3270,   0.0021, 0
B,  366, THR,  0.0214,  -0.3675,   0.0005, 0
B,  367, THR,  0.0283,  -0.3637,   0.0006, 0
B,  368, ALA,  0.0131,  -0.3722,   0.0004, 0
B,  369, ASP,  0.0561,  -0.3482,   0.0011, 0
B,  370, ILE,  0.0004,  -0.3793,   0.0002, 0
B,  371, VAL,  0.0000,  -0.3795,   0.0002, 0
B,  372, VAL,  0.0000,  -0.3795,   0.0002, 0
B,  373, PHE,  0.0377,  -0.3585,   0.0008, 0
B,  374, ASP,  1.1850,   0.2811,   0.1920, 2
B,  375, GLU,  1.1507,   0.2620,   0.1824, 2
B,  376, ILE,  0.1182,  -0.3136,   0.0030, 0
B,  377, SER,  0.0793,  -0.3353,   0.0017, 0
B,  378, MET,  1.0478,   0.2046,   0.1538, 0
B,  379, ALA,  0.5962,  -0.0471,   0.0507, 0
B,  380, THR,  0.7745,   0.0522,   0.0855, 6
B,  381, ASN,  0.2538,  -0.2380,   0.0104, 13
B,  382, TYR,  0.8032,   0.0682,   0.0919, 9
B,  383, ASP,  0.9547,   0.1527,   0.1291, 6
B,  384, LEU,  0.0040,  -0.3773,   0.0003, 0
B,  385, SER,  0.0300,  -0.3628,   0.0006, 0
B,  386, VAL,  0.4511,  -0.1280,   0.0295, 9
B,  387, VAL,  0.0676,  -0.3418,   0.0014, 0
B,  388, ASN,  0.1854,  -0.2761,   0.0060, 0
B,  389, ALA,  0.1631,  -0.2885,   0.0049, 9
B,  390, ARG,  0.3469,  -0.1861,   0.0182, 9
B,  391, LEU,  0.0099,  -0.3740,   0.0004, 0
B,  392, ARG,  0.0219,  -0.3672,   0.0005, 0
B,  393, ALA,  0.0519,  -0.3505,   0.0011, 0
B,  394, LYS,  0.1110,  -0.3176,   0.0027, 0
B,  395, HIS,  0.0255,  -0.3653,   0.0006, 0
B,  396, TYR,  0.1918,  -0.2726,   0.0064, 0
B,  397, VAL,  0.0000,  -0.3795,   0.0002, 0
B,  398, TYR,  0.1527,  -0.2944,   0.0044, 0
B,  399, ILE,  0.1707,  -0.2843,   0.0053, 0
B,  400, GLY,  0.0944,  -0.3268,   0.0022, 2
B,  401, ASP,  0.2545,  -0.2376,   0.0104, 0
B,  402, PRO,  0.5300,  -0.0840,   0.0403, 0
B,  403, ALA,  0.2358,  -0.2480,   0.0091, 0
B,  404, GLN,  2.0625,   0.7702,   0.4280, 2
B,  405, LEU,  0.4673,  -0.1190,   0.0315, 3
B,  406, PRO,  0.5981,  -0.0461,   0.0510, 3
B,  407, ALA,  0.8345,   0.0857,   0.0992, 3
B,  408, PRO,  0.7351,   0.0303,   0.0770, 3
B,  409, ARG,  0.3635,  -0.1768,   0.0198, 3
B,  410, THR,  0.3910,  -0.1615,   0.0226, 6
B,  411, LEU,  0.2996,  -0.2125,   0.0139, 0
B,  412, LEU,  0.1781,  -0.2802,   0.0057, 3
B,  413, THR,  0.1364,  -0.3034,   0.0037, 0
B,  414, LYS,  0.0692,  -0.3409,   0.0015, 0
B,  415, GLY,  0.1303,  -0.3068,   0.0035, 0
B,  416, THR,  0.5704,  -0.0615,   0.0465, 3
B,  417, LEU,  0.4420,  -0.1331,   0.0285, 3
B,  418, GLU,  0.3588,  -0.1795,   0.0193, 0
B,  419, PRO,  0.1978,  -0.2692,   0.0067, 0
B,  420, GLU,  0.0422,  -0.3560,   0.0009, 0
B,  421, TYR,  0.1844,  -0.2767,   0.0060, 13
B,  422, PHE,  0.4894,  -0.1067,   0.0345, 13
B,  423, ASN,  0.1058,  -0.3205,   0.0025, 0
B,  424, SER,  0.5302,  -0.0839,   0.0403, 0
B,  425, VAL,  0.1742,  -0.2824,   0.0055, 0
B,  426, CYS,  0.0000,  -0.3795,   0.0002, 0
B,  427, ARG,  0.3332,  -0.1937,   0.0169, 0
B,  428, LEU,  0.9097,   0.1276,   0.1176, 0
B,  429, MET,  0.5748,  -0.0591,   0.0472, 0
B,  430, LYS,  0.5778,  -0.0574,   0.0477, 0
B,  431, THR,  0.1781,  -0.2802,   0.0057, 0
B,  432, ILE,  0.4906,  -0.1060,   0.0346, 0
B,  433, GLY,  0.5281,  -0.0851,   0.0400, 0
B,  434, PRO,  0.6182,  -0.0349,   0.0544, 0
B,  435, ASP,  0.4692,  -0.1179,   0.0318, 0
B,  436, MET,  0.0373,  -0.3587,   0.0008, 0
B,  437, PHE,  0.4770,  -0.1136,   0.0328, 0
B,  438, LEU,  0.9624,   0.1570,   0.1311, 0
B,  439, GLY,  0.1729,  -0.2831,   0.0054, 0
B,  440, THR,  0.3258,  -0.1979,   0.0162, 0
B,  441, CYS,  0.0186,  -0.3691,   0.0005, 0
B,  442, ARG,  0.8156,   0.0751,   0.0948, 14
B,  443, ARG,  3.9972,   1.8486,   0.7415, 2
B,  444, CYS,  0.0015,  -0.3786,   0.0003, 0
B,  445, PRO,  0.0026,  -0.3780,   0.0003, 0
B,  446, ALA,  0.0185,  -0.3692,   0.0005, 0
B,  447, GLU,  0.0114,  -0.3731,   0.0004, 0
B,  448, ILE,  0.0000,  -0.3795,   0.0002, 0
B,  449, VAL,  0.0129,  -0.3723,   0.0004, 0
B,  450, ASP,  0.0269,  -0.3645,   0.0006, 0
B,  451, THR,  0.0041,  -0.3772,   0.0003, 0
B,  452, VAL,  0.0012,  -0.3788,   0.0002, 0
B,  453, SER,  0.0109,  -0.3734,   0.0004, 0
B,  454, ALA,  0.0169,  -0.3701,   0.0004, 0
B,  455, LEU,  0.0857,  -0.3317,   0.0019, 0
B,  456, VAL,  0.5700,  -0.0618,   0.0464, 0
B,  457, TYR,  0.4698,  -0.1176,   0.0319, 0
B,  458, ASP,  0.4922,  -0.1051,   0.0348, 0
B,  459, ASN,  0.0148,  -0.3712,   0.0004, 0
B,  460, LYS,  0.3922,  -0.1609,   0.0227, 0
B,  461, LEU,  0.0083,  -0.3748,   0.0003, 0
B,  462, LYS,  0.0376,  -0.3585,   0.0008, 0
B,  463, ALA,  0.0229,  -0.3667,   0.0005, 0
B,  464, HIS,  0.0344,  -0.3603,   0.0007, 0
B,  465, LYS,  0.0425,  -0.3558,   0.0009, 0
B,  466, ASP,  0.0094,  -0.3742,   0.0003, 0
B,  467, LYS,  0.0226,  -0.3669,   0.0005, 0
B,  468, SER,  0.0140,  -0.3716,   0.0004, 0
B,  469, ALA,  0.0505,  -0.3513,   0.0010, 0
B,  470, GLN,  0.1070,  -0.3198,   0.0026, 15
B,  471, CYS,  0.0021,  -0.3783,   0.0003, 0
B,  472, PHE,  0.1743,  -0.2823,   0.0055, 15
B,  473, LYS,  0.0926,  -0.3279,   0.0021, 0
B,  474, MET,  0.2688,  -0.2296,   0.0115, 0
B,  475, PHE,  0.1129,  -0.3165,   0.0028, 0
B,  476, TYR,  0.1081,  -0.3192,   0.0026, 0
B,  477, LYS,  0.0549,  -0.3489,   0.0011, 0
B,  478, GLY,  0.0533,  -0.3498,   0.0011, 0
B,  479, VAL,  0.0493,  -0.3520,   0.0010, 0
B,  480, ILE,  0.1976,  -0.2693,   0.0067, 0
B,  481, THR,  0.0246,  -0.3657,   0.0006, 0
B,  482, HIS,  0.2972,  -0.2138,   0.0137, 0
B,  483, ASP,  0.1970,  -0.2697,   0.0067, 0
B,  484, VAL,  0.9340,   0.1411,   0.1238, 0
B,  485, SER,  0.7055,   0.0138,   0.0708, 3
B,  486, SER,  0.5005,  -0.1005,   0.0360, 0
B,  487, ALA,  0.2707,  -0.2286,   0.0116, 0
B,  488, ILE,  0.0567,  -0.3478,   0.0012, 0
B,  489, ASN,  0.0088,  -0.3746,   0.0003, 0
B,  490, ARG,  0.1194,  -0.3129,   0.0030, 0
B,  491, PRO,  0.0896,  -0.3295,   0.0020, 0
B,  492, GLN,  0.0163,  -0.3704,   0.0004, 0
B,  493, ILE,  0.0324,  -0.3614,   0.0007, 0
B,  494, GLY,  0.0701,  -0.3404,   0.0015, 0
B,  495, VAL,  0.2626,  -0.2331,   0.0110, 0
B,  496, VAL,  0.0582,  -0.3470,   0.0012, 0
B,  497, ARG,  0.1152,  -0.3152,   0.0029, 0
B,  498, GLU,  0.1999,  -0.2680,   0.0069, 0
B,  499, PHE,  0.4371,  -0.1358,   0.0279, 15
B,  500, LEU,  0.0828,  -0.3333,   0.0018, 0
B,  501, THR,  0.0576,  -0.3474,   0.0012, 0
B,  502, ARG,  0.3132,  -0.2049,   0.0151, 0
B,  503, ASN,  0.4328,  -0.1382,   0.0274, 15
B,  504, PRO,  0.0179,  -0.3695,   0.0005, 0
B,  505, ALA,  0.0234,  -0.3664,   0.0005, 0
B,  506, TRP,  0.1454,  -0.2984,   0.0041, 15
B,  507, ARG,  0.0775,  -0.3363,   0.0017, 0
B,  508, LYS,  0.0437,  -0.3551,   0.0009, 0
B,  509, ALA,  0.0139,  -0.3717,   0.0004, 0
B,  510, VAL,  0.0426,  -0.3557,   0.0009, 0
B,  511, PHE,  0.0000,  -0.3795,   0.0002, 0
B,  512, ILE,  0.0000,  -0.3795,   0.0002, 0
B,  513, SER,  0.0109,  -0.3734,   0.0004, 0
B,  514, PRO,  0.4228,  -0.1438,   0.0262, 3
B,  515, TYR,  0.7918,   0.0619,   0.0893, 3
B,  516, ASN,  1.3397,   0.3673,   0.2363, 3
B,  517, SER,  0.2523,  -0.2389,   0.0103, 0
B,  518, GLN,  0.0006,  -0.3791,   0.0002, 0
B,  519, ASN,  0.8132,   0.0738,   0.0942, 0
B,  520, ALA,  0.4063,  -0.1530,   0.0243, 0
B,  521, VAL,  0.0943,  -0.3269,   0.0022, 0
B,  522, ALA,  0.0023,  -0.3782,   0.0003, 0
B,  523, SER,  0.2313,  -0.2505,   0.0088, 0
B,  524, LYS,  0.0239,  -0.3661,   0.0005, 0
B,  525, ILE,  0.1040,  -0.3215,   0.0025, 0
B,  526, LEU,  0.0601,  -0.3460,   0.0012, 0
B,  527, GLY,  0.0251,  -0.3655,   0.0006, 0
B,  528, LEU,  0.0966,  -0.3256,   0.0022, 0
B,  529, PRO,  0.0541,  -0.3493,   0.0011, 0
B,  530, THR,  0.8825,   0.1125,   0.1108, 0
B,  531, GLN,  0.4730,  -0.1158,   0.0323, 0
B,  532, THR,  0.9020,   0.1233,   0.1156, 3
B,  533, VAL,  0.0214,  -0.3675,   0.0005, 0
B,  534, ASP,  0.6974,   0.0093,   0.0691, 3
B,  535, SER,  0.6158,  -0.0362,   0.0540, 0
B,  536, SER,  0.0654,  -0.3430,   0.0014, 0
B,  537, GLN,  0.9035,   0.1242,   0.1160, 2
B,  538, GLY,  2.9172,   1.2466,   0.5976, 2
B,  539, SER,  0.9174,   0.1319,   0.1196, 0
B,  540, GLU,  0.3392,  -0.1904,   0.0175, 2
B,  541, TYR,  0.0658,  -0.3428,   0.0014, 0
B,  542, ASP,  0.0312,  -0.3620,   0.0007, 0
B,  543, TYR,  0.0512,  -0.3509,   0.0010, 0
B,  544, VAL,  0.0000,  -0.3795,   0.0002, 0
B,  545, ILE,  0.0000,  -0.3795,   0.0002, 0
B,  546, PHE,  0.0000,  -0.3795,   0.0002, 0
B,  547, THR,  0.0000,  -0.3795,   0.0002, 0
B,  548, GLN,  0.0000,  -0.3795,   0.0002, 0
B,  549, THR,  0.0371,  -0.3588,   0.0008, 0
B,  550, THR,  0.2648,  -0.2319,   0.0112, 0
B,  551, GLU,  0.1542,  -0.2935,   0.0045, 0
B,  552, THR,  0.3689,  -0.1738,   0.0203, 0
B,  553, ALA,  0.2334,  -0.2494,   0.0090, 3
B,  554, HIS,  0.9129,   0.1294,   0.1184, 3
B,  555, SER,  0.0518,  -0.3506,   0.0011, 0
B,  556, CYS,  0.1260,  -0.3092,   0.0033, 0
B,  557, ASN,  0.5357,  -0.0809,   0.0412, 3
B,  558, VAL,  0.2607,  -0.2341,   0.0109, 0
B,  559, ASN,  0.3893,  -0.1625,   0.0224, 0
B,  560, ARG,  0.8047,   0.0691,   0.0922, 3
B,  561, PHE,  0.0000,  -0.3795,   0.0002, 0
B,  562, ASN,  0.0000,  -0.3795,   0.0002, 0
B,  563, VAL,  0.0000,  -0.3795,   0.0002, 0
B,  564, ALA,  0.0000,  -0.3795,   0.0002, 0
B,  565, ILE,  0.0000,  -0.3795,   0.0002, 0
B,  566, THR,  0.1973,  -0.2695,   0.0067, 0
B,  567, ARG,  1.9371,   0.7003,   0.3980, 2
B,  568, ALA,  0.0000,  -0.3795,   0.0002, 0
B,  569, LYS,  0.0290,  -0.3633,   0.0006, 0
B,  570, VAL,  0.0391,  -0.3577,   0.0008, 0
B,  571, GLY,  0.0001,  -0.3794,   0.0002, 0
B,  572, ILE,  0.0000,  -0.3795,   0.0002, 0
B,  573, LEU,  0.1120,  -0.3170,   0.0028, 0
B,  574, CYS,  0.0000,  -0.3795,   0.0002, 0
B,  575, ILE,  0.0000,  -0.3795,   0.0002, 0
B,  576, MET,  0.0025,  -0.3781,   0.0003, 0
B,  577, SER,  0.0115,  -0.3731,   0.0004, 0
B,  578, ASP,  0.0922,  -0.3281,   0.0021, 0
B,  579, ARG,  0.0655,  -0.3430,   0.0014, 0
B,  580, ASP,  0.0799,  -0.3349,   0.0017, 0
B,  581, LEU,  0.0730,  -0.3388,   0.0016, 0
B,  582, TYR,  0.1282,  -0.3080,   0.0034, 0
B,  583, ASP,  0.0794,  -0.3352,   0.0017, 0
B,  584, LYS,  0.0479,  -0.3527,   0.0010, 0
B,  585, LEU,  0.0346,  -0.3602,   0.0007, 0
B,  586, GLN,  0.0145,  -0.3714,   0.0004, 0
B,  587, PHE,  0.0384,  -0.3581,   0.0008, 0
B,  588, THR,  0.0369,  -0.3589,   0.0008, 0
B,  589, SER,  0.1119,  -0.3171,   0.0028, 0
B,  590, LEU,  0.4081,  -0.1520,   0.0245, 15
B,  591, GLU,  0.2657,  -0.2314,   0.0112, 0
B,  592, ILE,  0.2326,  -0.2498,   0.0089, 0
B,  593, PRO,  0.2619,  -0.2335,   0.0110, 0
A,    1, ALA,  0.9586,   0.1549,   0.1301, 0
A,    2, VAL,  0.8090,   0.0715,   0.0933, 0
A,    3, GLY,  0.1956,  -0.2704,   0.0066, 7
A,    4, ALA,  0.2784,  -0.2243,   0.0122, 7
A,    5, CYS,  0.1648,  -0.2876,   0.0050, 0
A,    6, VAL,  0.3916,  -0.1612,   0.0227, 7
A,    7, LEU,  0.2868,  -0.2196,   0.0129, 0
A,    8, CYS,  0.2577,  -0.2358,   0.0106, 0
A,    9, ASN,  0.0740,  -0.3382,   0.0016, 0
A,   10, SER,  0.1347,  -0.3044,   0.0037, 0
A,   11, GLN,  0.1280,  -0.3081,   0.0034, 0
A,   12, THR,  0.0778,  -0.3361,   0.0017, 0
A,   13, SER,  0.2914,  -0.2170,   0.0133, 10
A,   14, LEU,  0.2296,  -0.2515,   0.0087, 0
A,   15, ARG,  1.2549,   0.3200,   0.2119, 0
A,   16, CYS,  0.0000,  -0.3795,   0.0002, 0
A,   17, GLY,  0.0791,  -0.3354,   0.0017, 0
A,   18, ALA,  0.3335,  -0.1936,   0.0169, 0
A,   19, CYS,  0.3509,  -0.1839,   0.0186, 0
A,   20, ILE,  0.5562,  -0.0695,   0.0442, 0
A,   21, ARG,  0.7273,   0.0259,   0.0754, 7
A,   22, ARG,  0.9103,   0.1279,   0.1178, 7
A,   23, PRO,  0.4592,  -0.1235,   0.0305, 7
A,   24, PHE,  1.2656,   0.3260,   0.2151, 7
A,   25, LEU,  0.0000,  -0.3795,   0.0002, 0
A,   26, CYS,  0.1642,  -0.2879,   0.0050, 0
A,   27, CYS,  0.1721,  -0.2835,   0.0054, 0
A,   28, LYS,  0.1966,  -0.2699,   0.0067, 0
A,   29, CYS,  0.2162,  -0.2590,   0.0078, 0
A,   30, CYS,  0.0000,  -0.3795,   0.0002, 0
A,   31, TYR,  0.1506,  -0.2955,   0.0044, 0
A,   32, ASP,  0.1218,  -0.3116,   0.0031, 0
A,   33, HIS,  0.0040,  -0.3772,   0.0003, 0
A,   34, VAL,  0.0095,  -0.3742,   0.0003, 0
A,   35, ILE,  0.1293,  -0.3074,   0.0034, 0
A,   36, SER,  0.0747,  -0.3378,   0.0016, 0
A,   37, THR,  0.0455,  -0.3541,   0.0009, 0
A,   38, SER,  0.0693,  -0.3409,   0.0015, 0
A,   39, HIS,  0.2841,  -0.2211,   0.0127, 0
A,   40, LYS,  0.0634,  -0.3441,   0.0013, 0
A,   41, LEU,  0.1248,  -0.3099,   0.0032, 0
A,   42, VAL,  0.0000,  -0.3795,   0.0002, 0
A,   43, LEU,  0.4545,  -0.1261,   0.0300, 0
A,   44, SER,  0.6682,  -0.0070,   0.0634, 10
A,   45, VAL,  0.3513,  -0.1836,   0.0186, 10
A,   46, ASN,  0.4390,  -0.1348,   0.0281, 10
A,   47, PRO,  0.2608,  -0.2341,   0.0109, 0
A,   48, TYR,  0.3308,  -0.1951,   0.0167, 10
A,   49, VAL,  0.2045,  -0.2655,   0.0071, 0
A,   50, CYS,  0.0328,  -0.3612,   0.0007, 0
A,   51, ASN,  0.2303,  -0.2511,   0.0087, 0
A,   52, ALA,  0.0945,  -0.3268,   0.0022, 0
A,   53, PRO,  0.1073,  -0.3197,   0.0026, 0
A,   54, GLY,  0.1390,  -0.3020,   0.0038, 0
A,   55, CYS,  0.5128,  -0.0937,   0.0377, 0
A,   56, ASP,  0.3298,  -0.1956,   0.0166, 0
A,   57, VAL,  0.3993,  -0.1569,   0.0235, 0
A,   58, THR,  0.0790,  -0.3354,   0.0017, 0
A,   59, ASP,  0.0214,  -0.3675,   0.0005, 0
A,   60, VAL,  0.0169,  -0.3700,   0.0004, 0
A,   61, THR,  0.1101,  -0.3181,   0.0027, 0
A,   62, GLN,  0.0598,  -0.3461,   0.0012, 0
A,   63, LEU,  0.0249,  -0.3656,   0.0006, 0
A,   64, TYR,  0.0875,  -0.3307,   0.0019, 0
A,   65, LEU,  0.4812,  -0.1112,   0.0334, 10
A,   66, GLY,  0.0701,  -0.3404,   0.0015, 0
A,   67, GLY,  0.1467,  -0.2977,   0.0042, 0
A,   68, MET,  0.3257,  -0.1979,   0.0162, 10
A,   69, SER,  0.2575,  -0.2359,   0.0106, 0
A,   70, TYR,  0.4854,  -0.1089,   0.0339, 10
A,   71, TYR,  0.1333,  -0.3052,   0.0036, 0
A,   72, CYS,  0.4687,  -0.1182,   0.0317, 0
A,   73, LYS,  0.2160,  -0.2590,   0.0078, 0
A,   74, SER,  0.4474,  -0.1301,   0.0291, 0
A,   75, HIS,  0.5837,  -0.0541,   0.0487, 0
A,   76, LYS,  0.1157,  -0.3150,   0.0029, 0
A,   77, PRO,  0.1172,  -0.3141,   0.0030, 0
A,   78, PRO,  0.0403,  -0.3570,   0.0008, 0
A,   79, ILE,  0.1346,  -0.3044,   0.0036, 0
A,   80, SER,  0.1072,  -0.3197,   0.0026, 0
A,   81, PHE,  0.5583,  -0.0683,   0.0446, 0
A,   82, PRO,  0.2605,  -0.2342,   0.0109, 0
A,   83, LEU,  0.1473,  -0.2973,   0.0042, 0
A,   84, CYS,  0.1557,  -0.2927,   0.0046, 0
A,   85, ALA,  0.1649,  -0.2876,   0.0050, 0
A,   86, ASN,  0.1242,  -0.3102,   0.0032, 0
A,   87, GLY,  0.0722,  -0.3392,   0.0015, 0
A,   88, GLN,  0.2019,  -0.2669,   0.0070, 0
A,   89, VAL,  0.0640,  -0.3438,   0.0013, 0
A,   90, PHE,  0.7795,   0.0550,   0.0866, 10
A,   91, GLY,  0.3471,  -0.1860,   0.0182, 10
A,   92, LEU,  0.5050,  -0.0980,   0.0366, 10
A,   93, TYR,  0.2713,  -0.2283,   0.0117, 0
A,   94, LYS,  0.2769,  -0.2251,   0.0121, 0
A,  103, VAL,  0.3179,  -0.2022,   0.0155, 0
A,  104, THR,  0.1680,  -0.2858,   0.0052, 0
A,  105, ASP,  0.1688,  -0.2854,   0.0052, 0
A,  106, PHE,  0.1179,  -0.3137,   0.0030, 0
A,  107, ASN,  0.0478,  -0.3528,   0.0010, 0
A,  108, ALA,  0.2756,  -0.2258,   0.0120, 0
A,  109, ILE,  0.5144,  -0.0927,   0.0380, 0
A,  110, ALA,  0.4636,  -0.1210,   0.0311, 0
A,  111, THR,  0.3886,  -0.1628,   0.0223, 0
A,  112, CYS,  0.5927,  -0.0491,   0.0501, 0
A,  113, ASP,  0.2458,  -0.2425,   0.0098, 0
A,  114, TRP,  0.4652,  -0.1202,   0.0313, 0
A,  115, THR,  0.1578,  -0.2915,   0.0047, 0
A,  116, ASN,  0.1077,  -0.3194,   0.0026, 0
A,  117, ALA,  0.0870,  -0.3310,   0.0019, 0
A,  118, GLY,  0.3459,  -0.1867,   0.0181, 0
A,  119, ASP,  0.3809,  -0.1672,   0.0215, 0
A,  120, TYR,  0.5114,  -0.0944,   0.0375, 8
A,  121, ILE,  0.1006,  -0.3234,   0.0024, 0
A,  122, LEU,  0.2646,  -0.2320,   0.0112, 0
A,  123, ALA,  0.4220,  -0.1442,   0.0261, 8
A,  124, ASN,  0.6870,   0.0035,   0.0671, 8
A,  125, THR,  0.1949,  -0.2708,   0.0066, 0
A,  126, CYS,  0.2124,  -0.2611,   0.0076, 0
A,  127, THR,  0.2045,  -0.2655,   0.0071, 0
A,  128, GLU,  0.3602,  -0.1787,   0.0194, 0
A,  129, ARG,  0.2776,  -0.2247,   0.0121, 7
A,  130, LEU,  0.1896,  -0.2738,   0.0063, 0
A,  131, LYS,  0.6724,  -0.0046,   0.0643, 8
A,  132, LEU,  0.1996,  -0.2682,   0.0068, 7
A,  133, PHE,  0.3113,  -0.2059,   0.0149, 7
A,  134, ALA,  0.3569,  -0.1805,   0.0191, 8
A,  135, ALA,  0.5181,  -0.0907,   0.0385, 8
A,  136, GLU,  0.4283,  -0.1407,   0.0268, 7
A,  137, THR,  0.4070,  -0.1526,   0.0243, 0
A,  138, LEU,  0.6943,   0.0075,   0.0685, 8
A,  139, LYS,  0.8724,   0.1068,   0.1084, 11
A,  140, ALA,  0.0985,  -0.3246,   0.0023, 0
A,  141, THR,  0.3560,  -0.1810,   0.0190, 0
A,  142, GLU,  0.9135,   0.1297,   0.1186, 11
A,  143, GLU,  0.4963,  -0.1028,   0.0354, 11
A,  144, THR,  0.1330,  -0.3053,   0.0036, 0
A,  145, PHE,  1.0432,   0.2020,   0.1525, 0
A,  146, LYS,  0.9014,   0.1230,   0.1155, 11
A,  147, LEU,  0.1353,  -0.3040,   0.0037, 0
A,  148, SER,  0.1350,  -0.3042,   0.0037, 0
A,  149, TYR,  1.2273,   0.3047,   0.2040, 0
A,  150, GLY,  0.0452,  -0.3543,   0.0009, 0
A,  151, ILE,  0.2794,  -0.2237,   0.0123, 0
A,  152, ALA,  0.0420,  -0.3561,   0.0009, 0
A,  153, THR,  0.0686,  -0.3412,   0.0014, 0
A,  154, VAL,  0.5345,  -0.0815,   0.0410, 0
A,  155, ARG,  0.0183,  -0.3692,   0.0005, 0
A,  156, GLU,  0.3180,  -0.2022,   0.0155, 0
A,  157, VAL,  0.5329,  -0.0824,   0.0407, 0
A,  158, LEU,  0.2048,  -0.2653,   0.0071, 0
A,  159, SER,  0.2251,  -0.2540,   0.0084, 0
A,  160, ASP,  0.0390,  -0.3577,   0.0008, 0
A,  161, ARG,  0.0339,  -0.3606,   0.0007, 0
A,  162, GLU,  0.4223,  -0.1441,   0.0261, 0
A,  163, LEU,  0.5473,  -0.0744,   0.0429, 0
A,  164, HIS,  0.0517,  -0.3507,   0.0011, 0
A,  165, LEU,  0.5029,  -0.0992,   0.0363, 0
A,  166, SER,  0.1003,  -0.3236,   0.0023, 0
A,  167, TRP,  0.7566,   0.0423,   0.0815, 0
A,  168, GLU,  0.0699,  -0.3405,   0.0015, 0
A,  169, VAL,  0.0224,  -0.3670,   0.0005, 0
A,  170, GLY,  0.0926,  -0.3279,   0.0021, 0
A,  171, LYS,  0.1219,  -0.3115,   0.0031, 0
A,  172, PRO,  0.2169,  -0.2585,   0.0079, 0
A,  173, ARG,  0.6958,   0.0084,   0.0688, 0
A,  174, PRO,  0.4599,  -0.1231,   0.0306, 0
A,  175, PRO,  0.8476,   0.0930,   0.1023, 4
A,  176, LEU,  0.8998,   0.1221,   0.1151, 4
A,  177, ASN,  0.9818,   0.1678,   0.1361, 4
A,  178, ARG,  0.1733,  -0.2829,   0.0054, 0
A,  179, ASN,  1.4356,   0.4208,   0.2642, 4
A,  180, TYR,  1.3273,   0.3604,   0.2327, 0
A,  181, VAL,  0.2706,  -0.2286,   0.0116, 0
A,  182, PHE,  0.0563,  -0.3481,   0.0012, 0
A,  183, THR,  0.2543,  -0.2377,   0.0104, 0
A,  184, GLY,  0.0508,  -0.3512,   0.0010, 0
A,  185, TYR,  0.7114,   0.0171,   0.0720, 0
A,  194, GLN,  0.9557,   0.1533,   0.1293, 0
A,  195, ILE,  0.8531,   0.0961,   0.1036, 0
A,  196, GLY,  0.6253,  -0.0309,   0.0556, 0
A,  197, GLU,  0.5788,  -0.0568,   0.0479, 0
A,  198, TYR,  0.2572,  -0.2361,   0.0106, 0
A,  199, THR,  0.0511,  -0.3510,   0.0010, 0
A,  200, PHE,  0.0484,  -0.3525,   0.0010, 0
A,  201, GLU,  0.4222,  -0.1441,   0.0261, 0
A,  202, LYS,  0.3007,  -0.2118,   0.0140, 0
A,  207, ASP,  0.4402,  -0.1341,   0.0283, 0
A,  208, ALA,  0.1303,  -0.3068,   0.0035, 0
A,  209, VAL,  0.4886,  -0.1071,   0.0344, 0
A,  210, VAL,  0.1153,  -0.3152,   0.0029, 0
A,  211, TYR,  0.5698,  -0.0619,   0.0464, 0
A,  212, ARG,  0.0824,  -0.3336,   0.0018, 0
A,  213, GLY,  0.0929,  -0.3277,   0.0021, 0
A,  214, THR,  0.4218,  -0.1444,   0.0260, 0
A,  215, THR,  0.9645,   0.1582,   0.1316, 0
A,  216, THR,  0.5394,  -0.0788,   0.0417, 0
A,  217, TYR,  0.6737,  -0.0039,   0.0645, 0
A,  218, LYS,  0.0695,  -0.3407,   0.0015, 0
A,  219, LEU,  0.5444,  -0.0760,   0.0424, 0
A,  220, ASN,  0.6028,  -0.0435,   0.0517, 0
A,  221, VAL,  0.3228,  -0.1995,   0.0159, 0
A,  222, GLY,  0.0423,  -0.3559,   0.0009, 0
A,  223, ASP,  0.2088,  -0.2631,   0.0074, 0
A,  224, TYR,  0.5941,  -0.0483,   0.0503, 0
A,  225, PHE,  0.5545,  -0.0704,   0.0440, 0
A,  226, VAL,  0.4328,  -0.1382,   0.0274, 0
A,  227, LEU,  0.8355,   0.0862,   0.0995, 0
A,  228, THR,  0.1867,  -0.2754,   0.0061, 0
A,  229, SER,  0.1346,  -0.3044,   0.0036, 0
A,  230, HIS,  0.8223,   0.0789,   0.0964, 0
A,  231, THR,  0.5373,  -0.0800,   0.0414, 0
A,  232, VAL,  0.3318,  -0.1945,   0.0168, 0
A,  233, MET,  1.6416,   0.5356,   0.3216, 0
A,  234, PRO,  1.1403,   0.2561,   0.1794, 7
A,  235, LEU,  0.7181,   0.0208,   0.0734, 7
A,  236, SER,  0.3201,  -0.2010,   0.0157, 0
A,  237, ALA,  0.0890,  -0.3299,   0.0020, 0
A,  238, PRO,  0.1667,  -0.2865,   0.0051, 0
A,  239, THR,  0.2515,  -0.2393,   0.0102, 0
A,  240, LEU,  0.4976,  -0.1021,   0.0356, 0
A,  241, VAL,  0.3935,  -0.1601,   0.0229, 0
A,  242, PRO,  0.2203,  -0.2567,   0.0081, 0
A,  243, GLN,  0.4735,  -0.1155,   0.0323, 0
A,  244, GLU,  0.0775,  -0.3363,   0.0017, 0
A,  245, HIS,  0.3627,  -0.1773,   0.0197, 0
A,  246, TYR,  0.1178,  -0.3138,   0.0030, 0
A,  247, VAL,  0.0420,  -0.3560,   0.0009, 0
A,  248, ARG,  0.0527,  -0.3501,   0.0011, 0
A,  249, ILE,  0.0881,  -0.3303,   0.0020, 0
A,  250, THR,  0.1018,  -0.3227,   0.0024, 0
A,  251, GLY,  0.2337,  -0.2492,   0.0090, 0
A,  252, LEU,  0.1445,  -0.2989,   0.0041, 0
A,  253, TYR,  0.6412,  -0.0221,   0.0584, 0
A,  254, PRO,  0.0814,  -0.3341,   0.0018, 0
A,  255, THR,  0.1013,  -0.3230,   0.0024, 0
A,  256, LEU,  0.0836,  -0.3329,   0.0018, 0
A,  257, ASN,  0.0674,  -0.3419,   0.0014, 0
A,  258, ILE,  0.1162,  -0.3147,   0.0029, 0
A,  259, SER,  0.1043,  -0.3213,   0.0025, 0
A,  260, ASP,  0.0067,  -0.3757,   0.0003, 0
A,  261, GLU,  0.5845,  -0.0537,   0.0488, 0
A,  262, PHE,  0.1906,  -0.2732,   0.0063, 0
A,  263, SER,  0.0454,  -0.3542,   0.0009, 0
A,  264, SER,  1.0854,   0.2255,   0.1641, 0
A,  265, ASN,  0.9871,   0.1708,   0.1375, 0
A,  266, VAL,  0.0507,  -0.3512,   0.0010, 0
A,  267, ALA,  0.0483,  -0.3525,   0.0010, 0
A,  268, ASN,  0.0834,  -0.3330,   0.0018, 0
A,  269, TYR,  0.0033,  -0.3776,   0.0003, 0
A,  270, GLN,  0.1156,  -0.3150,   0.0029, 0
A,  271, LYS,  0.1543,  -0.2934,   0.0045, 0
A,  272, VAL,  0.0025,  -0.3781,   0.0003, 0
A,  273, GLY,  0.0315,  -0.3619,   0.0007, 0
A,  274, MET,  0.1112,  -0.3175,   0.0027, 0
A,  275, GLN,  0.3773,  -0.1692,   0.0211, 0
A,  276, LYS,  0.2495,  -0.2404,   0.0101, 0
A,  277, TYR,  0.7116,   0.0172,   0.0720, 0
A,  278, SER,  0.0925,  -0.3279,   0.0021, 0
A,  279, THR,  0.2684,  -0.2298,   0.0114, 0
A,  280, LEU,  0.0044,  -0.3770,   0.0003, 0
A,  281, GLN,  0.9404,   0.1447,   0.1254, 0
A,  282, GLY,  1.9050,   0.6824,   0.3902, 0
A,  283, PRO,  2.5613,   1.0482,   0.5338, 0
A,  284, PRO,  3.3548,   1.4905,   0.6635, 1
A,  285, GLY,  3.8889,   1.7882,   0.7300, 1
A,  286, THR,  2.9282,   1.2527,   0.5994, 0
A,  287, GLY,  2.9167,   1.2463,   0.5975, 1
A,  288, LYS,  6.1242,   3.0342,   0.8858, 1
A,  289, SER,  2.9307,   1.2541,   0.5999, 1
A,  290, HIS,  1.5674,   0.4942,   0.3014, 1
A,  291, PHE,  0.7338,   0.0296,   0.0767, 0
A,  292, ALA,  0.0000,  -0.3795,   0.0002, 0
A,  293, ILE,  0.0000,  -0.3795,   0.0002, 0
A,  294, GLY,  0.0000,  -0.3795,   0.0002, 0
A,  295, LEU,  0.0000,  -0.3795,   0.0002, 0
A,  296, ALA,  0.0750,  -0.3377,   0.0016, 0
A,  297, LEU,  0.2496,  -0.2403,   0.0101, 0
A,  298, TYR,  0.1060,  -0.3204,   0.0025, 0
A,  299, TYR,  0.0406,  -0.3568,   0.0008, 0
A,  300, PRO,  0.1720,  -0.2836,   0.0053, 0
A,  301, SER,  0.4620,  -0.1220,   0.0309, 0
A,  302, ALA,  0.1414,  -0.3006,   0.0039, 0
A,  303, ARG,  0.1230,  -0.3109,   0.0032, 0
A,  304, ILE,  0.0075,  -0.3753,   0.0003, 0
A,  305, VAL,  0.0000,  -0.3795,   0.0002, 0
A,  306, TYR,  0.0000,  -0.3795,   0.0002, 0
A,  307, THR,  0.0095,  -0.3741,   0.0003, 0
A,  308, ALA,  0.1939,  -0.2714,   0.0065, 0
A,  309, CYS,  0.6473,  -0.0187,   0.0595, 0
A,  310, SER,  0.8930,   0.1183,   0.1134, 0
A,  311, HIS,  0.6849,   0.0023,   0.0667, 0
A,  312, ALA,  0.8742,   0.1078,   0.1088, 1
A,  313, ALA,  1.0703,   0.2171,   0.1600, 1
A,  314, VAL,  0.1020,  -0.3226,   0.0024, 0
A,  315, ASP,  0.0891,  -0.3298,   0.0020, 0
A,  316, ALA,  1.2432,   0.3135,   0.2086, 1
A,  317, LEU,  0.7509,   0.0391,   0.0803, 0
A,  318, CYS,  0.0000,  -0.3794,   0.0002, 0
A,  319, GLU,  0.0760,  -0.3371,   0.0016, 0
A,  320, LYS,  0.3765,  -0.1696,   0.0211, 1
A,  321, ALA,  0.0042,  -0.3771,   0.0003, 0
A,  322, LEU,  0.0177,  -0.3696,   0.0005, 0
A,  323, LYS,  0.0996,  -0.3239,   0.0023, 0
A,  324, TYR,  0.3400,  -0.1900,   0.0176, 0
A,  325, LEU,  0.1702,  -0.2846,   0.0053, 0
A,  326, PRO,  0.1826,  -0.2777,   0.0059, 0
A,  327, ILE,  0.0240,  -0.3661,   0.0005, 0
A,  328, ASP,  0.0632,  -0.3442,   0.0013, 0
A,  329, LYS,  0.1993,  -0.2684,   0.0068, 0
A,  330, CYS,  0.0040,  -0.3772,   0.0003, 0
A,  331, SER,  0.0008,  -0.3790,   0.0002, 0
A,  332, ARG,  0.1370,  -0.3031,   0.0038, 0
A,  333, ILE,  0.1193,  -0.3129,   0.0030, 0
A,  334, ILE,  1.3330,   0.3636,   0.2344, 0
A,  335, PRO,  0.9131,   0.1295,   0.1185, 0
A,  336, ALA,  0.8194,   0.0773,   0.0957, 0
A,  337, ARG,  1.1882,   0.2829,   0.1929, 0
A,  338, ALA,  1.0953,   0.2311,   0.1668, 0
A,  339, ARG,  0.7396,   0.0328,   0.0779, 0
A,  340, VAL,  0.7863,   0.0588,   0.0881, 0
A,  341, GLU,  0.6118,  -0.0385,   0.0533, 0
A,  342, CYS,  0.5927,  -0.0491,   0.0501, 0
A,  343, PHE,  0.3335,  -0.1936,   0.0169, 0
A,  344, ASP,  0.4828,  -0.1103,   0.0336, 0
A,  345, LYS,  0.0211,  -0.3677,   0.0005, 0
A,  346, PHE,  0.0201,  -0.3682,   0.0005, 0
A,  347, LYS,  0.0404,  -0.3569,   0.0008, 0
A,  348, VAL,  0.8303,   0.0833,   0.0983, 0
A,  349, ASN,  0.9415,   0.1453,   0.1257, 0
A,  350, SER,  0.2247,  -0.2542,   0.0084, 0
A,  351, THR,  0.1938,  -0.2714,   0.0065, 0
A,  352, LEU,  0.5108,  -0.0948,   0.0374, 0
A,  353, GLU,  0.2905,  -0.2176,   0.0132, 0
A,  354, GLN,  0.1539,  -0.2937,   0.0045, 0
A,  355, TYR,  0.0939,  -0.3271,   0.0021, 0
A,  356, VAL,  0.0000,  -0.3795,   0.0002, 0
A,  357, PHE,  0.0000,  -0.3795,   0.0002, 0
A,  358, CYS,  0.0599,  -0.3461,   0.0012, 0
A,  359, THR,  0.2015,  -0.2671,   0.0069, 0
A,  360, VAL,  0.1976,  -0.2693,   0.0067, 0
A,  361, ASN,  1.3184,   0.3554,   0.2302, 11
A,  362, ALA,  0.2900,  -0.2178,   0.0132, 0
A,  363, LEU,  0.1804,  -0.2789,   0.0058, 0
A,  364, PRO,  0.1360,  -0.3037,   0.0037, 0
A,  365, GLU,  0.1865,  -0.2755,   0.0061, 0
A,  366, THR,  0.0322,  -0.3615,   0.0007, 0
A,  367, THR,  0.0521,  -0.3504,   0.0011, 0
A,  368, ALA,  0.0186,  -0.3691,   0.0005, 0
A,  369, ASP,  0.1852,  -0.2762,   0.0060, 0
A,  370, ILE,  0.0000,  -0.3795,   0.0002, 0
A,  371, VAL,  0.0095,  -0.3741,   0.0003, 0
A,  372, VAL,  0.0095,  -0.3741,   0.0003, 0
A,  373, PHE,  0.0095,  -0.3741,   0.0003, 0
A,  374, ASP,  1.9578,   0.7118,   0.4031, 1
A,  375, GLU,  1.8005,   0.6241,   0.3638, 1
A,  376, ILE,  0.0487,  -0.3523,   0.0010, 0
A,  377, SER,  0.0210,  -0.3677,   0.0005, 1
A,  378, MET,  0.6534,  -0.0153,   0.0606, 0
A,  379, ALA,  0.1879,  -0.2747,   0.0062, 0
A,  380, THR,  0.7671,   0.0481,   0.0838, 8
A,  381, ASN,  0.5126,  -0.0937,   0.0377, 8
A,  382, TYR,  1.5003,   0.4568,   0.2828, 8
A,  383, ASP,  0.4336,  -0.1378,   0.0275, 11
A,  384, LEU,  0.0000,  -0.3795,   0.0002, 0
A,  385, SER,  0.1833,  -0.2773,   0.0059, 0
A,  386, VAL,  1.0874,   0.2267,   0.1647, 0
A,  387, VAL,  0.0576,  -0.3473,   0.0012, 0
A,  388, ASN,  0.2040,  -0.2658,   0.0071, 0
A,  389, ALA,  0.3484,  -0.1853,   0.0183, 0
A,  390, ARG,  1.5302,   0.4735,   0.2911, 0
A,  391, LEU,  0.0616,  -0.3451,   0.0013, 0
A,  392, ARG,  0.1840,  -0.2769,   0.0060, 0
A,  393, ALA,  0.1343,  -0.3046,   0.0036, 0
A,  394, LYS,  0.3041,  -0.2099,   0.0143, 0
A,  395, HIS,  0.0544,  -0.3491,   0.0011, 0
A,  396, TYR,  0.2473,  -0.2416,   0.0099, 0
A,  397, VAL,  0.0095,  -0.3741,   0.0003, 0
A,  398, TYR,  0.0974,  -0.3252,   0.0022, 0
A,  399, ILE,  0.3059,  -0.2090,   0.0145, 0
A,  400, GLY,  0.5437,  -0.0764,   0.0423, 1
A,  401, ASP,  0.4556,  -0.1255,   0.0301, 0
A,  402, PRO,  0.4196,  -0.1456,   0.0258, 0
A,  403, ALA,  0.2407,  -0.2453,   0.0095, 0
A,  404, GLN,  2.5928,   1.0658,   0.5398, 1
A,  405, LEU,  0.3859,  -0.1644,   0.0221, 0
A,  406, PRO,  0.5633,  -0.0655,   0.0453, 5
A,  407, ALA,  0.6563,  -0.0136,   0.0612, 5
A,  408, PRO,  0.8187,   0.0769,   0.0955, 4
A,  409, ARG,  0.8084,   0.0711,   0.0931, 5
A,  410, THR,  1.4061,   0.4043,   0.2556, 11
A,  411, LEU,  0.6959,   0.0084,   0.0688, 0
A,  412, LEU,  0.2053,  -0.2650,   0.0072, 5
A,  413, THR,  0.1973,  -0.2695,   0.0067, 0
A,  414, LYS,  0.1015,  -0.3229,   0.0024, 0
A,  415, GLY,  0.1166,  -0.3145,   0.0029, 5
A,  416, THR,  0.2639,  -0.2324,   0.0111, 5
A,  417, LEU,  0.5732,  -0.0600,   0.0469, 5
A,  418, GLU,  0.2956,  -0.2147,   0.0136, 0
A,  419, PRO,  0.2622,  -0.2333,   0.0110, 5
A,  420, GLU,  0.0315,  -0.3619,   0.0007, 0
A,  421, TYR,  0.3154,  -0.2036,   0.0153, 8
A,  422, PHE,  0.8711,   0.1061,   0.1080, 5
A,  423, ASN,  0.3516,  -0.1835,   0.0186, 0
A,  424, SER,  0.3533,  -0.1825,   0.0188, 0
A,  425, VAL,  0.1439,  -0.2993,   0.0041, 0
A,  426, CYS,  0.0000,  -0.3795,   0.0002, 0
A,  427, ARG,  0.3233,  -0.1993,   0.0160, 0
A,  428, LEU,  0.8204,   0.0778,   0.0959, 0
A,  429, MET,  0.5636,  -0.0653,   0.0454, 0
A,  430, LYS,  0.4259,  -0.1420,   0.0265, 0
A,  431, THR,  0.1446,  -0.2988,   0.0041, 0
A,  432, ILE,  0.4903,  -0.1062,   0.0346, 0
A,  433, GLY,  0.4530,  -0.1270,   0.0298, 0
A,  434, PRO,  0.8178,   0.0764,   0.0953, 0
A,  435, ASP,  0.4797,  -0.1121,   0.0332, 0
A,  436, MET,  0.3462,  -0.1865,   0.0181, 0
A,  437, PHE,  0.8722,   0.1067,   0.1083, 0
A,  438, LEU,  0.8370,   0.0871,   0.0998, 0
A,  439, GLY,  0.1870,  -0.2752,   0.0061, 0
A,  440, THR,  0.4767,  -0.1138,   0.0328, 0
A,  441, CYS,  0.0067,  -0.3757,   0.0003, 0
A,  442, ARG,  0.8930,   0.1183,   0.1134, 1
A,  443, ARG,  4.1231,   1.9188,   0.7538, 1
A,  444, CYS,  0.0115,  -0.3731,   0.0004, 0
A,  445, PRO,  0.0197,  -0.3685,   0.0005, 0
A,  446, ALA,  0.0213,  -0.3676,   0.0005, 0
A,  447, GLU,  0.0056,  -0.3764,   0.0003, 0
A,  448, ILE,  0.0000,  -0.3795,   0.0002, 0
A,  449, VAL,  0.0061,  -0.3761,   0.0003, 0
A,  450, ASP,  0.0204,  -0.3681,   0.0005, 0
A,  451, THR,  0.0492,  -0.3520,   0.0010, 0
A,  452, VAL,  0.0421,  -0.3560,   0.0009, 0
A,  453, SER,  0.0072,  -0.3755,   0.0003, 0
A,  454, ALA,  0.0188,  -0.3690,   0.0005, 0
A,  455, LEU,  0.1571,  -0.2919,   0.0046, 0
A,  456, VAL,  0.5711,  -0.0611,   0.0466, 0
A,  457, TYR,  0.5950,  -0.0478,   0.0505, 0
A,  458, ASP,  0.4288,  -0.1404,   0.0269, 0
A,  459, ASN,  0.0152,  -0.3710,   0.0004, 0
A,  460, LYS,  0.6345,  -0.0258,   0.0573, 0
A,  461, LEU,  0.1497,  -0.2960,   0.0043, 0
A,  462, LYS,  0.0192,  -0.3687,   0.0005, 0
A,  463, ALA,  0.0184,  -0.3692,   0.0005, 0
A,  464, HIS,  0.0285,  -0.3636,   0.0006, 0
A,  465, LYS,  0.0472,  -0.3531,   0.0010, 0
A,  466, ASP,  0.0270,  -0.3644,   0.0006, 0
A,  467, LYS,  0.0165,  -0.3702,   0.0004, 0
A,  468, SER,  0.0291,  -0.3632,   0.0006, 0
A,  469, ALA,  0.0716,  -0.3395,   0.0015, 0
A,  470, GLN,  0.0847,  -0.3322,   0.0019, 0
A,  471, CYS,  0.0010,  -0.3789,   0.0002, 0
A,  472, PHE,  0.1552,  -0.2929,   0.0046, 0
A,  473, LYS,  0.0772,  -0.3365,   0.0017, 0
A,  474, MET,  0.2490,  -0.2406,   0.0100, 0
A,  475, PHE,  0.1273,  -0.3085,   0.0033, 0
A,  476, TYR,  0.1376,  -0.3028,   0.0038, 0
A,  477, LYS,  0.0585,  -0.3468,   0.0012, 0
A,  478, GLY,  0.0536,  -0.3496,   0.0011, 0
A,  479, VAL,  0.0675,  -0.3418,   0.0014, 0
A,  480, ILE,  0.0932,  -0.3275,   0.0021, 0
A,  481, THR,  0.0495,  -0.3518,   0.0010, 0
A,  482, HIS,  0.1050,  -0.3209,   0.0025, 0
A,  483, ASP,  0.3274,  -0.1970,   0.0164, 0
A,  484, VAL,  0.3345,  -0.1930,   0.0170, 0
A,  485, SER,  0.2717,  -0.2280,   0.0117, 0
A,  486, SER,  0.7074,   0.0149,   0.0712, 4
A,  487, ALA,  0.2883,  -0.2188,   0.0130, 0
A,  488, ILE,  0.0470,  -0.3533,   0.0010, 0
A,  489, ASN,  0.0028,  -0.3779,   0.0003, 0
A,  490, ARG,  0.1048,  -0.3210,   0.0025, 0
A,  491, PRO,  0.0801,  -0.3348,   0.0017, 0
A,  492, GLN,  0.0090,  -0.3745,   0.0003, 0
A,  493, ILE,  0.0194,  -0.3687,   0.0005, 0
A,  494, GLY,  0.0437,  -0.3551,   0.0009, 0
A,  495, VAL,  0.2157,  -0.2592,   0.0078, 0
A,  496, VAL,  0.0274,  -0.3642,   0.0006, 0
A,  497, ARG,  0.0586,  -0.3468,   0.0012, 0
A,  498, GLU,  0.1544,  -0.2934,   0.0045, 0
A,  499, PHE,  0.3404,  -0.1897,   0.0176, 0
A,  500, LEU,  0.0302,  -0.3626,   0.0006, 0
A,  501, THR,  0.0139,  -0.3717,   0.0004, 0
A,  502, ARG,  0.2202,  -0.2567,   0.0081, 0
A,  503, ASN,  0.2638,  -0.2324,   0.0111, 0
A,  504, PRO,  0.0346,  -0.3602,   0.0007, 0
A,  505, ALA,  0.0358,  -0.3595,   0.0007, 0
A,  506, TRP,  0.0708,  -0.3400,   0.0015, 0
A,  507, ARG,  0.0351,  -0.3599,   0.0007, 0
A,  508, LYS,  0.0323,  -0.3615,   0.0007, 0
A,  509, ALA,  0.0133,  -0.3721,   0.0004, 0
A,  510, VAL,  0.0412,  -0.3565,   0.0008, 0
A,  511, PHE,  0.0000,  -0.3795,   0.0002, 0
A,  512, ILE,  0.0000,  -0.3795,   0.0002, 0
A,  513, SER,  0.0061,  -0.3760,   0.0003, 0
A,  514, PRO,  0.7452,   0.0359,   0.0791, 4
A,  515, TYR,  0.7748,   0.0524,   0.0856, 4
A,  516, ASN,  1.0949,   0.2308,   0.1667, 4
A,  517, SER,  0.4373,  -0.1357,   0.0279, 0
A,  518, GLN,  0.0185,  -0.3692,   0.0005, 0
A,  519, ASN,  0.1713,  -0.2840,   0.0053, 0
A,  520, ALA,  0.1754,  -0.2817,   0.0055, 0
A,  521, VAL,  0.0661,  -0.3426,   0.0014, 0
A,  522, ALA,  0.0004,  -0.3792,   0.0002, 0
A,  523, SER,  0.1094,  -0.3185,   0.0027, 0
A,  524, LYS,  0.0189,  -0.3689,   0.0005, 0
A,  525, ILE,  0.0454,  -0.3541,   0.0009, 0
A,  526, LEU,  0.0181,  -0.3694,   0.0005, 0
A,  527, GLY,  0.0099,  -0.3739,   0.0004, 0
A,  528, LEU,  0.0174,  -0.3697,   0.0005, 0
A,  529, PRO,  0.0418,  -0.3562,   0.0009, 0
A,  530, THR,  0.3248,  -0.1984,   0.0161, 0
A,  531, GLN,  0.1727,  -0.2832,   0.0054, 0
A,  532, THR,  0.3805,  -0.1673,   0.0215, 4
A,  533, VAL,  0.0254,  -0.3653,   0.0006, 0
A,  534, ASP,  0.7597,   0.0440,   0.0822, 4
A,  535, SER,  0.2506,  -0.2398,   0.0101, 0
A,  536, SER,  0.1066,  -0.3200,   0.0026, 0
A,  537, GLN,  2.0173,   0.7450,   0.4175, 1
A,  538, GLY,  5.0243,   2.4211,   0.8265, 1
A,  539, SER,  2.1482,   0.8180,   0.4473, 0
A,  540, GLU,  0.8569,   0.0982,   0.1045, 1
A,  541, TYR,  0.0659,  -0.3427,   0.0014, 0
A,  542, ASP,  0.0263,  -0.3648,   0.0006, 0
A,  543, TYR,  0.0613,  -0.3453,   0.0013, 0
A,  544, VAL,  0.0000,  -0.3795,   0.0002, 0
A,  545, ILE,  0.0000,  -0.3795,   0.0002, 0
A,  546, PHE,  0.0108,  -0.3735,   0.0004, 0
A,  547, THR,  0.0000,  -0.3795,   0.0002, 0
A,  548, GLN,  0.0108,  -0.3735,   0.0004, 0
A,  549, THR,  0.0320,  -0.3616,   0.0007, 0
A,  550, THR,  0.0970,  -0.3254,   0.0022, 0
A,  551, GLU,  0.0778,  -0.3361,   0.0017, 0
A,  552, THR,  0.1827,  -0.2776,   0.0059, 0
A,  553, ALA,  0.1114,  -0.3174,   0.0027, 5
A,  554, HIS,  0.8961,   0.1200,   0.1142, 4
A,  555, SER,  0.0315,  -0.3619,   0.0007, 0
A,  556, CYS,  0.1693,  -0.2851,   0.0052, 0
A,  557, ASN,  0.6806,  -0.0001,   0.0659, 5
A,  558, VAL,  0.2647,  -0.2319,   0.0112, 0
A,  559, ASN,  0.4935,  -0.1044,   0.0350, 5
A,  560, ARG,  0.7827,   0.0568,   0.0873, 4
A,  561, PHE,  0.0529,  -0.3500,   0.0011, 0
A,  562, ASN,  0.0108,  -0.3735,   0.0004, 0
A,  563, VAL,  0.0748,  -0.3378,   0.0016, 0
A,  564, ALA,  0.0108,  -0.3735,   0.0004, 0
A,  565, ILE,  0.0421,  -0.3560,   0.0009, 0
A,  566, THR,  0.4232,  -0.1436,   0.0262, 0
A,  567, ARG,  2.5631,   1.0492,   0.5342, 1
A,  568, ALA,  0.0000,  -0.3795,   0.0002, 0
A,  569, LYS,  0.0404,  -0.3570,   0.0008, 0
A,  570, VAL,  0.0372,  -0.3587,   0.0008, 0
A,  571, GLY,  0.0082,  -0.3749,   0.0003, 0
A,  572, ILE,  0.0000,  -0.3795,   0.0002, 0
A,  573, LEU,  0.0735,  -0.3385,   0.0016, 0
A,  574, CYS,  0.0000,  -0.3795,   0.0002, 0
A,  575, ILE,  0.0000,  -0.3795,   0.0002, 0
A,  576, MET,  0.0000,  -0.3795,   0.0002, 0
A,  577, SER,  0.0137,  -0.3718,   0.0004, 0
A,  578, ASP,  0.1411,  -0.3008,   0.0039, 0
A,  579, ARG,  0.1153,  -0.3152,   0.0029, 0
A,  580, ASP,  0.1359,  -0.3037,   0.0037, 0
A,  581, LEU,  0.1601,  -0.2902,   0.0048, 0
A,  582, TYR,  0.1026,  -0.3223,   0.0024, 0
A,  583, ASP,  0.0772,  -0.3365,   0.0017, 0
A,  584, LYS,  0.1396,  -0.3016,   0.0039, 0
A,  585, LEU,  0.0651,  -0.3432,   0.0014, 0
A,  586, GLN,  0.0221,  -0.3671,   0.0005, 0
A,  587, PHE,  0.0317,  -0.3618,   0.0007, 0
A,  588, THR,  0.0410,  -0.3566,   0.0008, 0
A,  589, SER,  0.0929,  -0.3277,   0.0021, 0
A,  590, LEU,  0.3368,  -0.1917,   0.0173, 0
A,  591, GLU,  0.2527,  -0.2386,   0.0103, 0
A,  592, ILE,  0.2689,  -0.2296,   0.0115, 0
