CC1CC(C#N)CN(C(=O)NCCC(=O)N(C)C2=CC=CC=C2)C1,CN(C(=O)CCNC(=O)O)c1ccccc1,0.5
O=C(O)CCC1=CC=CC(C(=O)N[C@@H]2C[C@H]2C2=CC=C(Br)S2)=C1,O=C(O)CCc1cccc(C(=O)NO)c1,0.5294117647058824
CC1=CC(F)=C(C(=O)O)N=C1C1=CC(CCC(=O)O)=CC=C1,O=C(O)CCc1cccc(-c2ccccc2)c1,0.5111111111111111
O=C(O)CCC1=CC=CC(C(=O)NCC2CC3(CCCC3)CO2)=C1,O=C(O)CCc1cccc(C(=O)NO)c1,0.5
COC(C(C)NC(=O)NCCC(=O)N(C)C1=CC=CC=C1)C(F)(F)F,CN(C(=O)CCNC(=O)O)c1ccccc1,0.5306122448979592
CN(C(=O)CCNC(=O)NCC12CC(F)(CO1)C2)C1=CC=CC=C1,CN(C(=O)CCNC(=O)O)c1ccccc1,0.5306122448979592
CC(C)(C(=O)O)C1=CC=C(F)C(C2=CC(CCC(=O)O)=CC=C2)=C1,O=C(O)CCc1cccc(-c2ccccc2)c1,0.5111111111111111
O=C(O)CCC1=CC=CC(C(=O)NC2=CC=CN(C(F)F)C2=O)=C1,O=C(O)CCc1cccc(C(=O)NO)c1,0.52
CC1=C(Br)SC(NCCC(=O)N(C)C2=CC=CC=C2)=N1,CN(C(=O)CCNC(=O)O)c1ccccc1,0.5434782608695652
CCC1=CC(F)=C(NC(=O)NCCC(=O)N(C)C2=CC=CC=C2)C=C1F,CN(C(=O)CCNC(=O)O)c1ccccc1,0.5416666666666666
CCCC1(C)CCN1C(=O)NCCC(=O)N(C)C1=CC=CC=C1,CN(C(=O)CCNC(=O)O)c1ccccc1,0.5416666666666666
CC1=CSC(NC(=O)NCCC(=O)N(C)C2=CC=CC=C2)=C1Br,CN(C(=O)CCNC(=O)O)c1ccccc1,0.574468085106383
CC1OC2=CC(C3=CC(CCC(=O)O)=CC=C3)=CC=C2C1=O,O=C(O)CCc1cccc(-c2ccccc2)c1,0.5454545454545454
O=C(O)CCC1=CC=CC(C(=O)NC2=CC=C(F)C=C2C2CC2)=C1,O=C(O)CCc1cccc(C(=O)NO)c1,0.52
O=C(O)CCC1=CC=CC(C(=O)NCC2=CN(CC(F)F)N=C2)=C1,O=C(O)CCc1cccc(C(=O)NO)c1,0.5192307692307693
O=C(O)CCC1=CC=CC(C(=O)NC2CC3(CC4CCC3C4)C2)=C1,O=C(O)CCc1cccc(C(=O)NO)c1,0.5
CC(C(=O)NCCC(=O)N(C)C1=CC=CC=C1)C1CCC(=O)N1C,CN(C(=O)CCNC(=O)O)c1ccccc1,0.5098039215686274
CN(C(=O)CCNC(=O)NC12CCC(C(F)F)(CC1)C2)C1=CC=CC=C1,CN(C(=O)CCNC(=O)O)c1ccccc1,0.52
O=C(O)CCC1=CC=CC(C(=O)N[C@H]2C[C@H](CO)NC2=O)=C1,O=C(O)CCc1cccc(C(=O)NO)c1,0.52
CN1CCC(O)(CNC(=O)NCCC(=O)N(C)C2=CC=CC=C2)C1,CN(C(=O)CCNC(=O)O)c1ccccc1,0.5306122448979592
O=C(O)CCC1=CC=CC(C(=O)NCC2=CC3=CC=CN=C3N2)=C1,O=C(O)CCc1cccc(C(=O)NO)c1,0.5098039215686274
O=C(O)CCC1=CC=CC(C(=O)NCC[C@@H]2CC[C@H]2C(F)(F)F)=C1,O=C(O)CCc1cccc(C(=O)NO)c1,0.52
CN(C(=O)CCNC(=O)NC1(CO)CCS(=O)(=O)C1)C1=CC=CC=C1,CN(C(=O)CCNC(=O)O)c1ccccc1,0.5098039215686274
O=C(O)CCC1=CC=CC(C(=O)NC2=CC3=C(OCO3)C(Br)=C2)=C1,O=C(O)CCc1cccc(C(=O)NO)c1,0.5294117647058824
CC1OC2(CNC(=O)C3=CC(CCC(=O)O)=CC=C3)CC1C2,O=C(O)CCc1cccc(C(=O)NO)c1,0.5098039215686274
O=C(O)CCC1=CC=CC(C(=O)NCC2OC3CCC2C3)=C1,O=C(O)CCc1cccc(C(=O)NO)c1,0.5098039215686274
O=C(O)CCC1=CC(C(=O)NC(CO)C2COC2)=CC=C1,O=C(O)CCc1cccc(C(=O)NO)c1,0.5416666666666666
O=C(O)CCC1=CC=CC(C(=O)NC2=C(Cl)C(CO)=C(Cl)C=C2)=C1,O=C(O)CCc1cccc(C(=O)NO)c1,0.5416666666666666
CC(NC1=CC=C(CNC(N)=O)C=C1)C1=CC(C(F)(F)F)=CS1,NC(=O)NCc1ccc(C(F)(F)F)cc1,0.5319148936170213
O=C(O)CCC1=CC=CC(C(=O)NC2=CC=CC=C2C2=NC=CO2)=C1,O=C(O)CCc1cccc(C(=O)NO)c1,0.5
O=C(O)CCC1=CC=CC(C(=O)NC2(C3=CC=C(F)C=C3Cl)CC2)=C1,O=C(O)CCc1cccc(C(=O)NO)c1,0.5
CCC1=NN=C(NCCC(=O)N(C)C2=CC=CC=C2)N=C1CC,CN(C(=O)CCNC(=O)O)c1ccccc1,0.5217391304347826
CCOC1=NC=C(C)C=C1NC(=O)C1=CC=CC(CCC(=O)O)=C1,O=C(O)CCc1cccc(C(=O)NO)c1,0.5
CN1C=C2C=CC=C(NC(=O)C3=CC(CCC(=O)O)=CC=C3)C2=N1,O=C(O)CCc1cccc(C(=O)NO)c1,0.5098039215686274
CN(C(=O)CCNC(=O)C(C)(C)C1=C(Cl)C=CS1)C1=CC=CC=C1,CN(C(=O)CCNC(=O)O)c1ccccc1,0.5416666666666666
CN(C(=O)CCNC1=CC=C(CCC#N)C=C1)C1=CC=CC=C1,CN(C(=O)CCNC(=O)O)c1ccccc1,0.5106382978723404
CC1=CC=CC=C1C(C(C)NC(=O)C1=CC=CC(CCC(=O)O)=C1)N(C)C,O=C(O)CCc1cccc(C(=O)NO)c1,0.5
CN(C(=O)CCNC(=O)C(NC(=O)OC(C)(C)C)C(C)(F)F)C1=CC=CC=C1,CN(C(=O)CCNC(=O)O)c1ccccc1,0.52
COC(=O)COC(C)(C)CNC(=O)NCCC(=O)N(C)C1=CC=CC=C1,CN(C(=O)CCNC(=O)O)c1ccccc1,0.5416666666666666
O=C(O)CCC1=CC=CC(C(=O)NCC2(C3=CSC=C3)CC2)=C1,O=C(O)CCc1cccc(C(=O)NO)c1,0.5098039215686274
O=C(O)CCC1=CC=CC(C(=O)NCC2=CC=CC3=C2CCCC3)=C1,O=C(O)CCc1cccc(C(=O)NO)c1,0.5306122448979592
COC1(C(F)(F)C(=O)NCCC(=O)N(C)C2=CC=CC=C2)CCC1,CN(C(=O)CCNC(=O)O)c1ccccc1,0.5306122448979592
COCC(NC(=O)C1=CC=CC(CCC(=O)O)=C1)C1=CC=NC=C1,O=C(O)CCc1cccc(C(=O)NO)c1,0.5098039215686274
CC(CNC(=O)NCCC(=O)N(C)C1=CC=CC=C1)C1=CC=CC(=O)N1,CN(C(=O)CCNC(=O)O)c1ccccc1,0.52
CC1=CC(NC(=O)C2=CC(CCC(=O)O)=CC=C2)=C(C(N)=O)C=C1F,O=C(O)CCc1cccc(C(=O)NO)c1,0.5098039215686274
CN(C(=O)CCNC(=O)C1=CN=C(C2CNC2)O1)C1=CC=CC=C1,CN(C(=O)CCNC(=O)O)c1ccccc1,0.5
CC1CCCC([C@H](C)NC(=O)C2=CC(CCC(=O)O)=CC=C2)C1,O=C(O)CCc1cccc(C(=O)NO)c1,0.5
CN(C(=O)CCNC(=O)C1(C)CCCNS1(=O)=O)C1=CC=CC=C1,CN(C(=O)CCNC(=O)O)c1ccccc1,0.52
COC1=CC=C(C2(O)CN(C(=O)NCCC(=O)N(C)C3=CC=CC=C3)C2)C=C1,CN(C(=O)CCNC(=O)O)c1ccccc1,0.5
CC(C(=O)O)C1=CC(F)=CC=C1C1=CC(CCC(=O)O)=CC=C1,O=C(O)CCc1cccc(-c2ccccc2)c1,0.5111111111111111
O=C(O)CCC1=CC=CC(C(=O)NC2=NN(C3=NC=CC=N3)C=C2)=C1,O=C(O)CCc1cccc(C(=O)NO)c1,0.52
CC(C)C1=CON=C1CNC(=O)NCCC(=O)N(C)C1=CC=CC=C1,CN(C(=O)CCNC(=O)O)c1ccccc1,0.54
CN(C(=O)CCNC(=O)NC1=CC(Br)=CC=C1C#N)C1=CC=CC=C1,CN(C(=O)CCNC(=O)O)c1ccccc1,0.5098039215686274
CN(C(=O)CCNC(=O)NCC(O)C1=CN(C)C=N1)C1=CC=CC=C1,CN(C(=O)CCNC(=O)O)c1ccccc1,0.5098039215686274
NC(=O)CN(CC(=O)O)CC1=CN=CC=N1,O=C(O)Cc1cnccn1,0.5277777777777778
O=C(O)CCC1=CC=CC(C(=O)NCCN2CC[C@@H]3C[C@@H]32)=C1,O=C(O)CCc1cccc(C(=O)NO)c1,0.5
O=C(O)CCC1=CC=CC(C(=O)N[C@@H]2[C@H]3CCCO[C@H]32)=C1,O=C(O)CCc1cccc(C(=O)NO)c1,0.52
CCN1C=C(CCNC(=O)NCCC(=O)N(C)C2=CC=CC=C2)C=N1,CN(C(=O)CCNC(=O)O)c1ccccc1,0.52
CC1=CC(F)=CC(C(=O)O)=C1C1=CC(CCC(=O)O)=CC=C1,O=C(O)CCc1cccc(-c2ccccc2)c1,0.5348837209302325
CN(C(=O)CCNC(=O)C1(CC#N)COC1)C1=CC=CC=C1,CN(C(=O)CCNC(=O)O)c1ccccc1,0.5416666666666666
NC1(C(=O)NCC2=CC=C(C(F)(F)F)C=C2)CC2(CC(F)(F)C2)C1,NC(=O)NCc1ccc(C(F)(F)F)cc1,0.5476190476190477
CC1=C(CNC(=O)C2=CC(CCC(=O)O)=CC=C2)C(=O)NC=C1,O=C(O)CCc1cccc(C(=O)NO)c1,0.52
CC(C)(C)C1=NOC(CNC(=O)C2=CC(CCC(=O)O)=CC=C2)=C1,O=C(O)CCc1cccc(C(=O)NO)c1,0.5098039215686274
CC1=NN=CC(CNC(=O)C2=CC=CC(CCC(=O)O)=C2)=C1C,O=C(O)CCc1cccc(C(=O)NO)c1,0.52
CN(C(=O)CCNC(=O)N1C[C@@H](O)[C@@H](O)CC2(CC2)C1)C1=CC=CC=C1,CN(C(=O)CCNC(=O)O)c1ccccc1,0.5
CN(C(=O)CCNC(=O)NC1=CN2N=CC=C2C=C1)C1=CC=CC=C1,CN(C(=O)CCNC(=O)O)c1ccccc1,0.5306122448979592
CN(C(=O)CCNC(=O)NCC(CO)CC(C)(C)C)C1=CC=CC=C1,CN(C(=O)CCNC(=O)O)c1ccccc1,0.5531914893617021
COCCC12CC(CNC(=O)NCCC(=O)N(C)C3=CC=CC=C3)(C1)C2,CN(C(=O)CCNC(=O)O)c1ccccc1,0.5306122448979592
O=C(O)CCC1=CC=CC(C(=O)NC2(C3CCOC3)CC2)=C1,O=C(O)CCc1cccc(C(=O)NO)c1,0.5098039215686274
O=C(O)CCC1=CC=CC(C(=O)NC2C3CC4=C(C=CC=C4Br)C32)=C1,O=C(O)CCc1cccc(C(=O)NO)c1,0.5192307692307693
CC1=C(C2=CC(CCC(=O)O)=CC=C2)C=CC=C1C1(C(=O)O)CC1,O=C(O)CCc1cccc(-c2ccccc2)c1,0.5111111111111111
O=C(O)CCC1=CC=CC(C(=O)NC23CC(CC(F)(F)F)(C2)C3)=C1,O=C(O)CCc1cccc(C(=O)NO)c1,0.5416666666666666
O=C(O)CCC1=CC=CC(C(=O)NC[C@@H]2C[C@H]2C2=CC=C(F)C=C2)=C1,O=C(O)CCc1cccc(C(=O)NO)c1,0.5098039215686274
CN(C(=O)CCNC(=O)NC[C@@H]1C[C@H]2C[C@@H]1C[C@H]2O)C1=CC=CC=C1,CN(C(=O)CCNC(=O)O)c1ccccc1,0.5306122448979592
CN(C(=O)CCNC(=O)[C@@]12CCCC[C@]1(F)CNC2)C1=CC=CC=C1,CN(C(=O)CCNC(=O)O)c1ccccc1,0.54
COC1=C(NC(=O)C2=CC(CCC(=O)O)=CC=C2)C=CC=C1C(F)(F)F,O=C(O)CCc1cccc(C(=O)NO)c1,0.5098039215686274
O=C(O)CCC1=CC=CC(C(=O)NC2CC3(CCC3)C23CCC3)=C1,O=C(O)CCc1cccc(C(=O)NO)c1,0.574468085106383
O=C(O)CCC1=CC=CC(C(=O)NC2=CC=C(C3CCC(=O)C3)C=C2)=C1,O=C(O)CCc1cccc(C(=O)NO)c1,0.5
O=C(O)CCC1=CC=CC(C(=O)N[C@H]2C[C@@H](OC(F)F)C2)=C1,O=C(O)CCc1cccc(C(=O)NO)c1,0.5306122448979592
CC1=C(O)C=CC=C1CNC(=O)NCCC(=O)N(C)C1=CC=CC=C1,CN(C(=O)CCNC(=O)O)c1ccccc1,0.6
CC1=NC=C(NC(=O)NCCC(=O)N(C)C2=CC=CC=C2)N1C,CN(C(=O)CCNC(=O)O)c1ccccc1,0.574468085106383
CCN1N=NN=C1NCCC(=O)N(C)C1=CC=CC=C1,CN(C(=O)CCNC(=O)O)c1ccccc1,0.5106382978723404
CN(C(=O)CCNC(=O)C1CNCC(C)(C)S1(=O)=O)C1=CC=CC=C1,CN(C(=O)CCNC(=O)O)c1ccccc1,0.5098039215686274
CC(C)C(C(C)C)S(=O)(=O)CCC(=O)N(C)C1=CC=CC=C1,CN(C(=O)CCNC(=O)O)c1ccccc1,0.5
CC1=C(C(=O)NCCC(=O)N(C)C2=CC=CC=C2)C2=NSN=C2C=C1,CN(C(=O)CCNC(=O)O)c1ccccc1,0.5510204081632653
CN(C(=O)CCNC(=O)C1(N2N=CC(Br)=N2)CC1)C1=CC=CC=C1,CN(C(=O)CCNC(=O)O)c1ccccc1,0.5
CN(C(=O)CCNC(=O)N1CC2=CON=C2C1)C1=CC=CC=C1,CN(C(=O)CCNC(=O)O)c1ccccc1,0.52
CN(C(=O)CCNC(=O)NC1=CSC=C1C1=CC=NC=C1)C1=CC=CC=C1,CN(C(=O)CCNC(=O)O)c1ccccc1,0.52
O=C(O)CCC1=CC=CC(C(=O)NCC2=C(Br)C=NN2)=C1,O=C(O)CCc1cccc(C(=O)NO)c1,0.5625
CN(C(=O)CCNC(=O)NC(C)(C)CCC(F)(F)F)C1=CC=CC=C1,CN(C(=O)CCNC(=O)O)c1ccccc1,0.5777777777777777
O=C(O)C[C@@H]1CN(CC2=CN=CC=N2)C[C@H]1CC(=O)O,O=C(O)Cc1cnccn1,0.5
CC(=O)N1CC2=CC=C(NC(=O)C3=CC=CC(CCC(=O)O)=C3)C=C2C1,O=C(O)CCc1cccc(C(=O)NO)c1,0.52
CC(C)C[C@H](CS(C)(=O)=O)NC(=O)NCCC(=O)N(C)C1=CC=CC=C1,CN(C(=O)CCNC(=O)O)c1ccccc1,0.5416666666666666
O=C(O)CCC1=CC(C(=O)NC2=C3CC(O)CC3=CC=C2)=CC=C1,O=C(O)CCc1cccc(C(=O)NO)c1,0.5306122448979592
O=C(O)CCC1=CC=CC(C(=O)NC2=CC=C(OC(F)(F)F)C(F)=C2)=C1,O=C(O)CCc1cccc(C(=O)NO)c1,0.5098039215686274
O=C(O)CCC1=CC=CC(C(=O)NC2=CN=C3NC=CC3=C2)=C1,O=C(O)CCc1cccc(C(=O)NO)c1,0.52
O=C(O)CCC1=CC=CC(C(=O)NC2C3=CC=CC=C3CCC2F)=C1,O=C(O)CCc1cccc(C(=O)NO)c1,0.5
CCC1(NC(=O)NCCC(=O)N(C)C2=CC=CC=C2)CCNC1=O,CN(C(=O)CCNC(=O)O)c1ccccc1,0.5098039215686274
CCOC1=CC(NC(=O)NCCC(=O)N(C)C2=CC=CC=C2)=NN1,CN(C(=O)CCNC(=O)O)c1ccccc1,0.5098039215686274
CN(C(=O)CCNC(=O)NC1=NC=CC=C1C(C)(F)F)C1=CC=CC=C1,CN(C(=O)CCNC(=O)O)c1ccccc1,0.5098039215686274
COC1=CC=CC=C1OCC(C)NC(=O)C1=CC=CC(CCC(=O)O)=C1,O=C(O)CCc1cccc(C(=O)NO)c1,0.5098039215686274
N#CC1CCCCC1NC(=O)C1=CC(CCC(=O)O)=CC=C1,O=C(O)CCc1cccc(C(=O)NO)c1,0.5306122448979592
CC(C)N1N=CC(NC(=O)NCCC(=O)N(C)C2=CC=CC=C2)=C1Cl,CN(C(=O)CCNC(=O)O)c1ccccc1,0.5
CC(C1=CC=C(F)C=C1)S(=O)(=O)NCCC(=O)N(C)C1=CC=CC=C1,CN(C(=O)CCNC(=O)O)c1ccccc1,0.5
CC1=NN(C2CC2)C=C1C(=O)NCCC(=O)N(C)C1=CC=CC=C1,CN(C(=O)CCNC(=O)O)c1ccccc1,0.54
COC(C)(C)C1=CC=CC(C2=CC=CC(CCC(=O)O)=C2)=N1,O=C(O)CCc1cccc(-c2ccccc2)c1,0.5111111111111111
COCC(C)(O)CCNC(=O)C1=CC=CC(CCC(=O)O)=C1,O=C(O)CCc1cccc(C(=O)NO)c1,0.5306122448979592
C[C@H](NC(=O)C1=CC=CC(CCC(=O)O)=C1)C1=CC(Br)=NO1,O=C(O)CCc1cccc(C(=O)NO)c1,0.5510204081632653
CN(C(=O)CCNC(=O)C(F)(F)C1=C(Cl)C(F)=CC=C1)C1=CC=CC=C1,CN(C(=O)CCNC(=O)O)c1ccccc1,0.5306122448979592
CN1CC(O)CC1CNC(=O)C1=CC=CC(CCC(=O)O)=C1,O=C(O)CCc1cccc(C(=O)NO)c1,0.52
COC(=O)C12CCC(C(=O)NCCC(=O)N(C)C3=CC=CC=C3)(CC1)OC2,CN(C(=O)CCNC(=O)O)c1ccccc1,0.5098039215686274
CC(O)C1=CC(Br)=CC=C1NC(=O)C1=CC(CCC(=O)O)=CC=C1,O=C(O)CCc1cccc(C(=O)NO)c1,0.5510204081632653
CN(C(=O)CCNS(=O)(=O)N1C[C@H]2CCCC[C@H]2C1)C1=CC=CC=C1,CN(C(=O)CCNC(=O)O)c1ccccc1,0.5
CN1CCC(CCO)(NC(=O)C2=CC=CC(CCC(=O)O)=C2)CC1,O=C(O)CCc1cccc(C(=O)NO)c1,0.5098039215686274
O=C(O)CCC1=CC=CC(C(=O)NCC2=NC=CC(Cl)=C2F)=C1,O=C(O)CCc1cccc(C(=O)NO)c1,0.5098039215686274
CC(NC(=O)C1=CC(CCC(=O)O)=CC=C1)C1=CC=CC2=C1NC=C2,O=C(O)CCc1cccc(C(=O)NO)c1,0.5
NC(=O)C1=CC(NC(=O)C2=CC(CCC(=O)O)=CC=C2)=CS1,O=C(O)CCc1cccc(C(=O)NO)c1,0.5531914893617021
O=C(O)CCC1=CC=CC(C(=O)NCCC2=CC=NN=C2)=C1,O=C(O)CCc1cccc(C(=O)NO)c1,0.5652173913043478
O=C(O)CCC1=CC=CC(C(=O)N[C@]2(C3=CC=CC=C3)C[C@H](O)C2)=C1,O=C(O)CCc1cccc(C(=O)NO)c1,0.5531914893617021
CC(C(=O)NCCC(=O)N(C)C1=CC=CC=C1)C1=NSC=C1,CN(C(=O)CCNC(=O)O)c1ccccc1,0.5531914893617021
CC(NC(=O)NCCC(=O)N(C)C1=CC=CC=C1)C12CCC(CC1)C2,CN(C(=O)CCNC(=O)O)c1ccccc1,0.5098039215686274
CN(C(=O)CCNC(=O)C1=C(F)C=NC=C1N)C1=CC=CC=C1,CN(C(=O)CCNC(=O)O)c1ccccc1,0.5416666666666666
CN(C(=O)CCNC(=O)CC1=COC(C(F)F)=N1)C1=CC=CC=C1,CN(C(=O)CCNC(=O)O)c1ccccc1,0.5098039215686274
O=C(O)CCC1=CC=CC(C(=O)NCC(F)(F)C2(O)CCOCC2)=C1,O=C(O)CCc1cccc(C(=O)NO)c1,0.5
CCOC1(CN(C)C(=O)NCCC(=O)N(C)C2=CC=CC=C2)CCSCC1,CN(C(=O)CCNC(=O)O)c1ccccc1,0.5098039215686274
CN(C(=O)CCNC(=O)N1CCC2(CC1)COC(C)(C)OC2)C1=CC=CC=C1,CN(C(=O)CCNC(=O)O)c1ccccc1,0.5098039215686274
CC(CC1=CC=CC(F)=C1F)NC(=O)C1=CC=CC(CCC(=O)O)=C1,O=C(O)CCc1cccc(C(=O)NO)c1,0.52
CC1=C(C(C)C)N=C(NC(=O)C2=CC(CCC(=O)O)=CC=C2)S1,O=C(O)CCc1cccc(C(=O)NO)c1,0.5098039215686274
CCN1N=CC=C1CNC(=O)C1=CC=CC(CCC(=O)O)=C1,O=C(O)CCc1cccc(C(=O)NO)c1,0.52
CN(C(=O)CCNC(=O)NCCC1CC(C(F)F)C1)C1=CC=CC=C1,CN(C(=O)CCNC(=O)O)c1ccccc1,0.5416666666666666
CN(C)C(CNC(=O)C1=CC=CC(CCC(=O)O)=C1)C1CC1,O=C(O)CCc1cccc(C(=O)NO)c1,0.5306122448979592
CNCC1=CC=CC(C2=CC=C(O)C(CCC(=O)O)=C2)=C1,O=C(O)CCc1cccc(-c2ccccc2)c1,0.5238095238095238
CNC(=O)C1(CNC(=O)NCCC(=O)N(C)C2=CC=CC=C2)CCCC1,CN(C(=O)CCNC(=O)O)c1ccccc1,0.5531914893617021
COC1=NN(C)C(NC(=O)C2=CC=CC(CCC(=O)O)=C2)=C1,O=C(O)CCc1cccc(C(=O)NO)c1,0.5306122448979592
O=C(O)CCC1=CC=CC(C(=O)NC2=CC(C3=CC=CC=N3)=NS2)=C1,O=C(O)CCc1cccc(C(=O)NO)c1,0.52
O=C(O)CCC1=CC=CC(C(=O)NC2=CC=C(C3CC3)C=N2)=C1,O=C(O)CCc1cccc(C(=O)NO)c1,0.52
O=C(O)CCC1=CC=CC(C(=O)NC2=CN=CN=C2C2=CC=CC=C2)=C1,O=C(O)CCc1cccc(C(=O)NO)c1,0.52
CC1=C(C(=O)NCCC(=O)N(C)C2=CC=CC=C2)OC(CN)=N1,CN(C(=O)CCNC(=O)O)c1ccccc1,0.5625
CN(C(=O)CCNC(=O)C(C)(C)C1=CN=CO1)C1=CC=CC=C1,CN(C(=O)CCNC(=O)O)c1ccccc1,0.5416666666666666
CN(C(=O)CCNC(=O)CC1=CN=C2N=CC=CN12)C1=CC=CC=C1,CN(C(=O)CCNC(=O)O)c1ccccc1,0.5
CN(C(=O)CCNC(=O)C[C@@H]1CC[C@H]2C[C@@H]1C2(C)C)C1=CC=CC=C1,CN(C(=O)CCNC(=O)O)c1ccccc1,0.5098039215686274
CN(C(=O)CCNC(=O)NCC1=CN(C(C)(C)C)N=N1)C1=CC=CC=C1,CN(C(=O)CCNC(=O)O)c1ccccc1,0.5098039215686274
CN(C(=O)CCNC(=O)NCC1CC12CCC(F)(F)CC2)C1=CC=CC=C1,CN(C(=O)CCNC(=O)O)c1ccccc1,0.5098039215686274
CN1N=C(Br)C2=CC=C(NC(=O)C3=CC(CCC(=O)O)=CC=C3)C=C21,O=C(O)CCc1cccc(C(=O)NO)c1,0.5094339622641509
COC1=CC=C([C@H](C)N)C=C1C(=O)NCCC(=O)N(C)C1=CC=CC=C1,CN(C(=O)CCNC(=O)O)c1ccccc1,0.5
N#CC1(CNC(=O)C2=CC(CCC(=O)O)=CC=C2)CCCCC1,O=C(O)CCc1cccc(C(=O)NO)c1,0.5306122448979592
O=C(O)CCC1=CC=CC(C(=O)NCC23CCCN(CC2)C3)=C1,O=C(O)CCc1cccc(C(=O)NO)c1,0.5
O=C(O)CCC1=CC=CC(C(=O)NCC2=CC=NC=C2C(F)(F)F)=C1,O=C(O)CCc1cccc(C(=O)NO)c1,0.5
O=C(O)CCC1=CC=CC(C(=O)NCC2=CSN=N2)=C1,O=C(O)CCc1cccc(C(=O)NO)c1,0.5652173913043478
CN(C(=O)CCNC(=O)C12CC(CN)(C1)OC2(C)C)C1=CC=CC=C1,CN(C(=O)CCNC(=O)O)c1ccccc1,0.52
CN(C(=O)CCNC(=O)C12CCC(CC1)C(C)(C)O2)C1=CC=CC=C1,CN(C(=O)CCNC(=O)O)c1ccccc1,0.5306122448979592
CN(C(=O)CCNC(=O)C1=CC=CC=C1N1CCC(N)CC1)C1=CC=CC=C1,CN(C(=O)CCNC(=O)O)c1ccccc1,0.5098039215686274
CN(C(=O)CCNC(=O)C1=CN=CC2=C1C=CNC2=O)C1=CC=CC=C1,CN(C(=O)CCNC(=O)O)c1ccccc1,0.5
CC1=C(NC(=O)NCCC(=O)N(C)C2=CC=CC=C2)C(S(C)(=O)=O)=CC=C1,CN(C(=O)CCNC(=O)O)c1ccccc1,0.5625
CC1=NC(C(C)(C)C)=NC=C1C(=O)NCCC(=O)N(C)C1=CC=CC=C1,CN(C(=O)CCNC(=O)O)c1ccccc1,0.5510204081632653
CCC(CNC(=O)NCCC(=O)N(C)C1=CC=CC=C1)OC1=CC=CC=C1,CN(C(=O)CCNC(=O)O)c1ccccc1,0.5531914893617021
CN(CCNC(=O)C1=CC=CC(CCC(=O)O)=C1)CC(F)F,O=C(O)CCc1cccc(C(=O)NO)c1,0.5306122448979592
NC(=O)CC1=CC=C(CNC(=O)NCC2=C(F)C=C(C(F)(F)F)C=C2F)C=C1,NC(=O)NCc1ccc(C(F)(F)F)cc1,0.5
O=C(O)CCC1=CC=CC(C(=O)NC2=CNC3=CC=CC=C23)=C1,O=C(O)CCc1cccc(C(=O)NO)c1,0.5531914893617021
CC(C)(NC(=O)C1=CC(CCC(=O)O)=CC=C1)C1=CC=C(F)C=C1F,O=C(O)CCc1cccc(C(=O)NO)c1,0.5306122448979592
CC1CN(C)CC1NC(=O)C1=CC=CC(CCC(=O)O)=C1,O=C(O)CCc1cccc(C(=O)NO)c1,0.5416666666666666
CCCC(CNC(=O)C1=CC=CC(CCC(=O)O)=C1)OC,O=C(O)CCc1cccc(C(=O)NO)c1,0.5416666666666666
CCN(CC)CC1(NC(=O)C2=CC=CC(CCC(=O)O)=C2)CCCC1,O=C(O)CCc1cccc(C(=O)NO)c1,0.52
CN(C(=O)CCNC(=O)C1=CSC(Br)=C1Cl)C1=CC=CC=C1,CN(C(=O)CCNC(=O)O)c1ccccc1,0.5531914893617021
CN(C(=O)CCNC1=CC=CC(CCF)=C1)C1=CC=CC=C1,CN(C(=O)CCNC(=O)O)c1ccccc1,0.5217391304347826
CC(C)C(C(=O)NCCC(=O)N(C)C1=CC=CC=C1)C1=NNC=N1,CN(C(=O)CCNC(=O)O)c1ccccc1,0.52
CCN1N=CC(C(=O)NCCC(=O)N(C)C2=CC=CC=C2)=C1N,CN(C(=O)CCNC(=O)O)c1ccccc1,0.5306122448979592
CN(C(=O)CCNC(=O)C1CC2(CCSCC2)CN1)C1=CC=CC=C1,CN(C(=O)CCNC(=O)O)c1ccccc1,0.5
CN(C(=O)CCNC(=O)N1CCC2CCC1C2)C1=CC=CC=C1,CN(C(=O)CCNC(=O)O)c1ccccc1,0.5416666666666666
CN(C(=O)CCNC(=O)NC1=CSN=C1C1CC1)C1=CC=CC=C1,CN(C(=O)CCNC(=O)O)c1ccccc1,0.5
CN(C(=O)CCNC(=O)NCC1=CC(C(F)(F)F)=CO1)C1=CC=CC=C1,CN(C(=O)CCNC(=O)O)c1ccccc1,0.5098039215686274
COC(=O)C1=CC=CC(CC(=O)NCCC(=O)N(C)C2=CC=CC=C2)=C1OC,CN(C(=O)CCNC(=O)O)c1ccccc1,0.52
O=C(O)CCC1=CC=CC(C(=O)NC2=CC=C(F)C3=NC=CC=C23)=C1,O=C(O)CCc1cccc(C(=O)NO)c1,0.5
CSCC1(C(=O)NCCC(=O)N(C)C2=CC=CC=C2)CC(F)(F)C1,CN(C(=O)CCNC(=O)O)c1ccccc1,0.5416666666666666
CC(C)(NC(=O)C1=CC=CC(CCC(=O)O)=C1)C(=O)N1CCCC1,O=C(O)CCc1cccc(C(=O)NO)c1,0.5416666666666666
CC(C)C1=CNN=C1C(=O)NCCC(=O)N(C)C1=CC=CC=C1,CN(C(=O)CCNC(=O)O)c1ccccc1,0.5416666666666666
CC1=CSC2=CC=C(CC(=O)NCCC(=O)N(C)C3=CC=CC=C3)C=C12,CN(C(=O)CCNC(=O)O)c1ccccc1,0.5294117647058824
CCC1=CC(F)=CC=C1NCCC(=O)N(C)C1=CC=CC=C1,CN(C(=O)CCNC(=O)O)c1ccccc1,0.5217391304347826
CN(C(=O)CCNC(=O)C1=C(C#N)N=CN1)C1=CC=CC=C1,CN(C(=O)CCNC(=O)O)c1ccccc1,0.5306122448979592
CN(C(=O)CCNC1=C(Br)C(Cl)=NC=N1)C1=CC=CC=C1,CN(C(=O)CCNC(=O)O)c1ccccc1,0.5
COC(=O)C1CC(C(=O)NCCC(=O)N(C)C2=CC=CC=C2)C12CCC2,CN(C(=O)CCNC(=O)O)c1ccccc1,0.5098039215686274
CC1=CC=CC(C)=C1N1N=CC=C1C(=O)NCCC(=O)N(C)C1=CC=CC=C1,CN(C(=O)CCNC(=O)O)c1ccccc1,0.5510204081632653
CC1=COC(C(C)(C)C)=C1C(=O)NCCC(=O)N(C)C1=CC=CC=C1,CN(C(=O)CCNC(=O)O)c1ccccc1,0.574468085106383
CN(C(=O)CCNC(=O)C(N)C1CC2(CCC2)C1)C1=CC=CC=C1,CN(C(=O)CCNC(=O)O)c1ccccc1,0.52
CN(C(=O)CCNC(=O)C1(N2CCNCC2)CC1)C1=CC=CC=C1,CN(C(=O)CCNC(=O)O)c1ccccc1,0.5416666666666666
CN(C(=O)CCNC(=O)C12CC(C1)C(CN)O2)C1=CC=CC=C1,CN(C(=O)CCNC(=O)O)c1ccccc1,0.52
CN(C(=O)CCNC(=O)C[C@H]1C[C@H](F)CN1)C1=CC=CC=C1,CN(C(=O)CCNC(=O)O)c1ccccc1,0.5306122448979592
CN(C(=O)CCNC(=O)NCC(C)(C)CC1CCOCC1)C1=CC=CC=C1,CN(C(=O)CCNC(=O)O)c1ccccc1,0.5
CN(C(=O)CCNC(=O)[C@@H]1N[C@@H]2C[C@H]1C[C@H]2O)C1=CC=CC=C1,CN(C(=O)CCNC(=O)O)c1ccccc1,0.5306122448979592
O=C(O)CCC1=CC(C(=O)NC(CCO)C(F)F)=CC=C1,O=C(O)CCc1cccc(C(=O)NO)c1,0.5777777777777777
COCC(OCC1=CC=CC=C1)C(=O)NCCC(=O)N(C)C1=CC=CC=C1,CN(C(=O)CCNC(=O)O)c1ccccc1,0.5416666666666666
O=C(O)CCC1=CC=CC(C(=O)NC2=CC=C(C3=CC=CN3)C=C2)=C1,O=C(O)CCc1cccc(C(=O)NO)c1,0.5416666666666666
O=C(O)CCC1=CC=CC(C(=O)NC2=CN(CCF)N=C2)=C1,O=C(O)CCc1cccc(C(=O)NO)c1,0.5098039215686274
O=C(O)CCC1=CC=CC(C(=O)NC2CCC2N2CCOCC2)=C1,O=C(O)CCc1cccc(C(=O)NO)c1,0.5
O=C(O)CCC1=CC=CC(C(=O)NCC2CCNC2=O)=C1,O=C(O)CCc1cccc(C(=O)NO)c1,0.5306122448979592
CN(C(=O)CCNC(=O)NCC1=CC=C2OC(C)(C)OC2=C1)C1=CC=CC=C1,CN(C(=O)CCNC(=O)O)c1ccccc1,0.52
CN(C(=O)CCNC(=O)[C@@H]1[C@H]2CNC(=O)[C@H]21)C1=CC=CC=C1,CN(C(=O)CCNC(=O)O)c1ccccc1,0.5531914893617021
CN(C(=O)CCNC(=O)C1=CC2=C(O)C=CC(F)=C2N1)C1=CC=CC=C1,CN(C(=O)CCNC(=O)O)c1ccccc1,0.5
CN(C(=O)CCNC(=O)C(F)(F)CN1CCCC1)C1=CC=CC=C1,CN(C(=O)CCNC(=O)O)c1ccccc1,0.5531914893617021
CN(C(=O)CCNC(=O)NC1=CC=C(C(F)F)C(F)=C1)C1=CC=CC=C1,CN(C(=O)CCNC(=O)O)c1ccccc1,0.5510204081632653
CN(C(=O)CCNC(=O)NC1=NC(Cl)=NN1C)C1=CC=CC=C1,CN(C(=O)CCNC(=O)O)c1ccccc1,0.5306122448979592
CN(C(=O)CCNC(=O)[C@]1(C(F)(F)F)CC[C@@H](F)C1)C1=CC=CC=C1,CN(C(=O)CCNC(=O)O)c1ccccc1,0.54
CN1C=NC(CCNC(=O)C2=CC=CC(CCC(=O)O)=C2)=N1,O=C(O)CCc1cccc(C(=O)NO)c1,0.52
COC(=O)C1(NC(=O)NCCC(=O)N(C)C2=CC=CC=C2)CCC12CCC2,CN(C(=O)CCNC(=O)O)c1ccccc1,0.5098039215686274
O=C(O)CCC1=CC=CC(C(=O)NC2(C3=CC=CC=N3)COC2)=C1,O=C(O)CCc1cccc(C(=O)NO)c1,0.5
O=C(O)CCC1=CC=CC(C(=O)NC2=CN=CS2)=C1,O=C(O)CCc1cccc(C(=O)NO)c1,0.5777777777777777
CC(C)OCCC(N)C(=O)NCCC(=O)N(C)C1=CC=CC=C1,CN(C(=O)CCNC(=O)O)c1ccccc1,0.5531914893617021
CC1=C(C)C2=NN=C(C(=O)NCCC(=O)N(C)C3=CC=CC=C3)N2C=C1,CN(C(=O)CCNC(=O)O)c1ccccc1,0.54
CC1=CC(C(C)NC(=O)C2=CC=CC(CCC(=O)O)=C2)=CS1,O=C(O)CCc1cccc(C(=O)NO)c1,0.5306122448979592
CC1=CC=C(C2CCC2NC(=O)C2=CC(CCC(=O)O)=CC=C2)C(C)=C1,O=C(O)CCc1cccc(C(=O)NO)c1,0.5
CC(NC(=O)NCCC(=O)N(C)C1=CC=CC=C1)C1=NN=CS1,CN(C(=O)CCNC(=O)O)c1ccccc1,0.5306122448979592
CC1=C(NC(=O)NCCC(=O)N(C)C2=CC=CC=C2)NC(=O)C=C1,CN(C(=O)CCNC(=O)O)c1ccccc1,0.5869565217391305
CCC(=O)N[C@H]1CC[C@H]1CNC(=O)[C@H]1CC[C@H](C(N)=O)CC1,CCC(=O)NC1CCC(NC(N)=O)C1O,0.5121951219512195
CN1C(NC(=O)C2=CC(CCC(=O)O)=CC=C2)=NC2=CC(Br)=CC=C21,O=C(O)CCc1cccc(C(=O)NO)c1,0.5192307692307693
CN1CC2(CN(C(=O)NCCC(=O)N(C)C3=CC=CC=C3)C2)C(F)(F)C1=O,CN(C(=O)CCNC(=O)O)c1ccccc1,0.5098039215686274
O=C(O)CCC1=CC=CC(C(=O)NC2=CC=C3C=NSC3=C2)=C1,O=C(O)CCc1cccc(C(=O)NO)c1,0.52
O=C(O)CCC1=CC=CC(C(=O)NCC23COCCN2CCOC3)=C1,O=C(O)CCc1cccc(C(=O)NO)c1,0.5098039215686274
O=C(O)CCC1=CC=CC(C(=O)NCC2CCCSCC2)=C1,O=C(O)CCc1cccc(C(=O)NO)c1,0.52
CC(CN(C)C(=O)NCCC(=O)N(C)C1=CC=CC=C1)OC(C)(C)C,CN(C(=O)CCNC(=O)O)c1ccccc1,0.5652173913043478
CC1=NC(O)=NC(NCCC(=O)N(C)C2=CC=CC=C2)=C1,CN(C(=O)CCNC(=O)O)c1ccccc1,0.5555555555555556
CCC(C)(C)C(OC)C(=O)NCCC(=O)N(C)C1=CC=CC=C1,CN(C(=O)CCNC(=O)O)c1ccccc1,0.5652173913043478
CCN1N=C(C)C(C)=C1NC(=O)NCCC(=O)N(C)C1=CC=CC=C1,CN(C(=O)CCNC(=O)O)c1ccccc1,0.5510204081632653
CC[C@H](NC(=O)NCCC(=O)N(C)C1=CC=CC=C1)C(F)F,CN(C(=O)CCNC(=O)O)c1ccccc1,0.5909090909090909
CN(C(=O)CCNC(=O)C(CC(F)F)C1=CC=C(F)C=C1)C1=CC=CC=C1,CN(C(=O)CCNC(=O)O)c1ccccc1,0.5416666666666666
CN(C(=O)CCNC(=O)C(N)CC1=CC=C(C(F)F)C=C1)C1=CC=CC=C1,CN(C(=O)CCNC(=O)O)c1ccccc1,0.5306122448979592
CN(C(=O)CCNC(=O)C1=CC(=O)N(C)C(=O)N1)C1=CC=CC=C1,CN(C(=O)CCNC(=O)O)c1ccccc1,0.5416666666666666
CN(C(=O)CCNS(=O)(=O)C1CC1C(C)(C)C)C1=CC=CC=C1,CN(C(=O)CCNC(=O)O)c1ccccc1,0.5217391304347826
O=C(NCC1=CC=C(C(F)(F)F)C=C1)C1CC2(CC(F)C2)C1,NC(=O)NCc1ccc(C(F)(F)F)cc1,0.5116279069767442
CC1=C(C(=O)NCCC(=O)N(C)C2=CC=CC=C2)SC(C(C)N)=N1,CN(C(=O)CCNC(=O)O)c1ccccc1,0.54
CCC(NC(=O)C1=CC=CC(CCC(=O)O)=C1)C(=O)OC(C)C,O=C(O)CCc1cccc(C(=O)NO)c1,0.5416666666666666
CCCC1=CN=C(NC(=O)C2=CC=CC(CCC(=O)O)=C2)S1,O=C(O)CCc1cccc(C(=O)NO)c1,0.52
CCS(=O)(=O)NC1CN(C(=O)NCCC(=O)N(C)C2=CC=CC=C2)C1,CN(C(=O)CCNC(=O)O)c1ccccc1,0.5306122448979592
CN(C(=O)CCNC(=O)C1(C2=NC=CO2)CCC1)C1=CC=CC=C1,CN(C(=O)CCNC(=O)O)c1ccccc1,0.5
CN(C(=O)CCNC(=O)NCC1(CO)CC2(CC(F)C2)C1)C1=CC=CC=C1,CN(C(=O)CCNC(=O)O)c1ccccc1,0.5098039215686274
CN(C(=O)CCNC(=O)NCC1CC(C(=O)OC(C)(C)C)C1)C1=CC=CC=C1,CN(C(=O)CCNC(=O)O)c1ccccc1,0.5
CN1CCC(NC(=O)C2=CC=CC(CCC(=O)O)=C2)C(C)(C)C1,O=C(O)CCc1cccc(C(=O)NO)c1,0.5294117647058824
COC(=O)[C@@H]1CC[C@](C)(C(=O)NCCC(=O)N(C)C2=CC=CC=C2)C1(C)C,CN(C(=O)CCNC(=O)O)c1ccccc1,0.5098039215686274
CSC1=CC=NC=C1NC(=O)C1=CC(CCC(=O)O)=CC=C1,O=C(O)CCc1cccc(C(=O)NO)c1,0.52
O=C(O)CCC1=CC(C(=O)NC2=CC(C(O)CC(F)(F)F)=CC=C2)=CC=C1,O=C(O)CCc1cccc(C(=O)NO)c1,0.5098039215686274
O=C(O)CCC1=CC=CC(C(=O)NC2(C3=CC=C(Br)S3)CC2)=C1,O=C(O)CCc1cccc(C(=O)NO)c1,0.5510204081632653
O=C(O)CCC1=CC=CC(C(=O)NC2=CN=CC3=C2CCC3)=C1,O=C(O)CCc1cccc(C(=O)NO)c1,0.5098039215686274
CC(C)C(O)(C(=O)NCCC(=O)N(C)C1=CC=CC=C1)C(F)(F)F,CN(C(=O)CCNC(=O)O)c1ccccc1,0.5909090909090909
CC(C)OCC(C)(C)NC(=O)C1=CC=CC(CCC(=O)O)=C1,O=C(O)CCc1cccc(C(=O)NO)c1,0.5531914893617021
CC1(NC(=O)C2=CC(CCC(=O)O)=CC=C2)CCCC(F)(F)C1,O=C(O)CCc1cccc(C(=O)NO)c1,0.52
CCN(C)C(=O)C(C)NC(=O)C1=CC=CC(CCC(=O)O)=C1,O=C(O)CCc1cccc(C(=O)NO)c1,0.5531914893617021
CN(C(=O)CCNC(=O)CC1=CC=CC2=C1CCC2)C1=CC=CC=C1,CN(C(=O)CCNC(=O)O)c1ccccc1,0.5306122448979592
CN(C(=O)CCNC1=CC=CC(C(C)(C)O)=N1)C1=CC=CC=C1,CN(C(=O)CCNC(=O)O)c1ccccc1,0.5106382978723404
O=C(O)CCC1=CC=CC(C(=O)NC2CCS(=O)C2)=C1,O=C(O)CCc1cccc(C(=O)NO)c1,0.5531914893617021
CC1CC1C1=NOC=C1C(=O)NCCC(=O)N(C)C1=CC=CC=C1,CN(C(=O)CCNC(=O)O)c1ccccc1,0.5
CN(C(=O)CCNC(=O)C12CCCN1S(=O)(=O)CC2)C1=CC=CC=C1,CN(C(=O)CCNC(=O)O)c1ccccc1,0.5
CC1CCC(C)(NC(=O)NCCC(=O)N(C)C2=CC=CC=C2)C1,CN(C(=O)CCNC(=O)O)c1ccccc1,0.5306122448979592
CC(C)(C#N)C1=CC=CC(NC(=O)C2=CC=CC(CCC(=O)O)=C2)=C1,O=C(O)CCc1cccc(C(=O)NO)c1,0.52
CC(C)(NC(=O)C1=CC=CC(CCC(=O)O)=C1)C1CCOCC1,O=C(O)CCc1cccc(C(=O)NO)c1,0.5306122448979592
CC(C)OC1=CC=C(NC(=O)C2=CC=CC(CCC(=O)O)=C2)C=N1,O=C(O)CCc1cccc(C(=O)NO)c1,0.5098039215686274
CC1(C)C2CCC1(CNC(=O)C1=CC(CCC(=O)O)=CC=C1)CC2,O=C(O)CCc1cccc(C(=O)NO)c1,0.52
CC1=C(C(=O)NCCC(=O)N(C)C2=CC=CC=C2)N=C(C(F)(F)F)S1,CN(C(=O)CCNC(=O)O)c1ccccc1,0.5510204081632653
CC1=C(CCNC(=O)NCCC(=O)N(C)C2=CC=CC=C2)N=CO1,CN(C(=O)CCNC(=O)O)c1ccccc1,0.574468085106383
CC1=C(CNC(=O)C2=CC(CCC(=O)O)=CC=C2)OC=C1,O=C(O)CCc1cccc(C(=O)NO)c1,0.5531914893617021
CC1=C(NC(=O)C2=CC=CC(CCC(=O)O)=C2)N=NN1C,O=C(O)CCc1cccc(C(=O)NO)c1,0.5416666666666666
CC1=CNC(C(C)(C)NC(=O)C2=CC(CCC(=O)O)=CC=C2)=N1,O=C(O)CCc1cccc(C(=O)NO)c1,0.5098039215686274
CC1=NC(CC(=O)NCCC(=O)N(C)C2=CC=CC=C2)=C(Br)S1,CN(C(=O)CCNC(=O)O)c1ccccc1,0.5625
CC1CCC(NC(=O)C2=CC(CCC(=O)O)=CC=C2)CS1(=O)=O,O=C(O)CCc1cccc(C(=O)NO)c1,0.52
CC[C@@H]1COC[C@H](C(=O)NCCC(=O)N(C)C2=CC=CC=C2)N1,CN(C(=O)CCNC(=O)O)c1ccccc1,0.52
CN(C(=O)CCNC(=O)CC1CC(N2C=NN=C2)C1)C1=CC=CC=C1,CN(C(=O)CCNC(=O)O)c1ccccc1,0.52
CN(C(=O)CCNC(=O)N1CC=C(F)C1)C1=CC=CC=C1,CN(C(=O)CCNC(=O)O)c1ccccc1,0.5652173913043478
CN(C(=O)CCNC(=O)[C@]1(N)C[C@](O)(C(F)(F)F)C1)C1=CC=CC=C1,CN(C(=O)CCNC(=O)O)c1ccccc1,0.5416666666666666
CN(C)C1=CC=C(Cl)C=C1NC(=O)C1=CC(CCC(=O)O)=CC=C1,O=C(O)CCc1cccc(C(=O)NO)c1,0.5306122448979592
CN1CC(C)(C(=O)NCCC(=O)N(C)C2=CC=CC=C2)CC1=O,CN(C(=O)CCNC(=O)O)c1ccccc1,0.5416666666666666
COC1=CC(C)=C(NC(=O)C2=CC(CCC(=O)O)=CC=C2)C(C)=C1C,O=C(O)CCc1cccc(C(=O)NO)c1,0.5306122448979592
COCC1=CC(NC(=O)NCCC(=O)N(C)C2=CC=CC=C2)=NO1,CN(C(=O)CCNC(=O)O)c1ccccc1,0.52
CN(C(=O)CCNC(=O)C1=C(Br)N2N=CC=CC2=N1)C1=CC=CC=C1,CN(C(=O)CCNC(=O)O)c1ccccc1,0.5
CN(C)C1=NC=CC(NCCC(=O)N(C)C2=CC=CC=C2)=C1Br,CN(C(=O)CCNC(=O)O)c1ccccc1,0.5
COC1=NN=C(CC(=O)NCCC(=O)N(C)C2=CC=CC=C2)S1,CN(C(=O)CCNC(=O)O)c1ccccc1,0.5416666666666666
O=C(O)CCC1=CC=CC(C(=O)NC2=CC=C(N3N=CN=N3)C=C2)=C1,O=C(O)CCc1cccc(C(=O)NO)c1,0.52
O=C(O)CCC1=CC=CC(C(=O)NCC2=CC=C(C3OCCO3)C=C2)=C1,O=C(O)CCc1cccc(C(=O)NO)c1,0.5306122448979592
CC(C)(CNC(N)=O)NCC1=CC=C(C(C)(C)C(F)(F)F)C=C1,NC(=O)NCc1ccc(C(F)(F)F)cc1,0.5238095238095238
CC(C)N1N=CC(NC(=O)C2=CC=CC(CCC(=O)O)=C2)=N1,O=C(O)CCc1cccc(C(=O)NO)c1,0.52
CN(C(=O)CCNC(=O)C1=CC(S(C)(=O)=O)=CNC1=O)C1=CC=CC=C1,CN(C(=O)CCNC(=O)O)c1ccccc1,0.5098039215686274
CN(C(=O)CCNC(=O)NC1CC2=CC=CC=C2C1(C)C)C1=CC=CC=C1,CN(C(=O)CCNC(=O)O)c1ccccc1,0.52
CN(C(=O)CCNC(=O)N(C)C1CC(N)C1)C1=CC=CC=C1,CN(C(=O)CCNC(=O)O)c1ccccc1,0.5909090909090909
O=C(O)CCC1=CC=CC(C(=O)NC2(C(=O)NC3=CC=CC=C3)CC2)=C1,O=C(O)CCc1cccc(C(=O)NO)c1,0.5531914893617021
O=C(O)CCC1=CC=CC(C(=O)NCC(=O)NCCF)=C1,O=C(O)CCc1cccc(C(=O)NO)c1,0.5909090909090909
CC1=C(C(=O)NCCC(=O)N(C)C2=CC=CC=C2)ON=C1Br,CN(C(=O)CCNC(=O)O)c1ccccc1,0.5869565217391305
CN(C(=O)CCNC(=O)C(C)(C)N(C)S(C)(=O)=O)C1=CC=CC=C1,CN(C(=O)CCNC(=O)O)c1ccccc1,0.6046511627906976
CN(C(=O)CCNC(=O)C1=CN2N=CN=C2N=C1)C1=CC=CC=C1,CN(C(=O)CCNC(=O)O)c1ccccc1,0.5098039215686274
NC(=O)C(NC(=O)C1=CC(CCC(=O)O)=CC=C1)C(F)(F)F,O=C(O)CCc1cccc(C(=O)NO)c1,0.5777777777777777
CC(C(=O)NCCC(=O)N(C)C1=CC=CC=C1)C1=CC=NN1,CN(C(=O)CCNC(=O)O)c1ccccc1,0.5531914893617021
CC(CN1C=NN=C1)NC(=O)NCCC(=O)N(C)C1=CC=CC=C1,CN(C(=O)CCNC(=O)O)c1ccccc1,0.5416666666666666
CC1=C(C(C)(C)C)NN=C1C(=O)NCCC(=O)N(C)C1=CC=CC=C1,CN(C(=O)CCNC(=O)O)c1ccccc1,0.574468085106383
CCC(C(=O)NCCC(=O)N(C)C1=CC=CC=C1)C1COC1,CN(C(=O)CCNC(=O)O)c1ccccc1,0.5531914893617021
CN(C(=O)CCNC(=O)C1=CC2=C(O)C=CC=C2N1C)C1=CC=CC=C1,CN(C(=O)CCNC(=O)O)c1ccccc1,0.52
CN(C(=O)CCNC(=O)C1=CC=CC2=C1SCCC2)C1=CC=CC=C1,CN(C(=O)CCNC(=O)O)c1ccccc1,0.5306122448979592
CN(C(=O)CCNC(=O)C1=NN=C(C2CC2)S1)C1=CC=CC=C1,CN(C(=O)CCNC(=O)O)c1ccccc1,0.5306122448979592
CN(C(=O)CCNC(=O)C1CN2CCC1(C)CC2)C1=CC=CC=C1,CN(C(=O)CCNC(=O)O)c1ccccc1,0.5306122448979592
CN(C(=O)CCNC(=O)NC12CC(C)(C1)OC2(C)C)C1=CC=CC=C1,CN(C(=O)CCNC(=O)O)c1ccccc1,0.5416666666666666
CN(C(=O)CCNC(=O)[C@@H]1C[C@H](F)CN1C)C1=CC=CC=C1,CN(C(=O)CCNC(=O)O)c1ccccc1,0.5416666666666666
CN(C(=O)CCNC(=O)[C@H]1[C@@H]2COC(C)(C)OC[C@@H]21)C1=CC=CC=C1,CN(C(=O)CCNC(=O)O)c1ccccc1,0.5531914893617021
CN(CCCS(C)(=O)=O)C(=O)NCCC(=O)N(C)C1=CC=CC=C1,CN(C(=O)CCNC(=O)O)c1ccccc1,0.5909090909090909
CC1=C(C2CC2)N(C)N=C1C(=O)NCCC(=O)N(C)C1=CC=CC=C1,CN(C(=O)CCNC(=O)O)c1ccccc1,0.5294117647058824
CC1=CC=CC2=C1CCC2NC(=O)C1=CC(CCC(=O)O)=CC=C1,O=C(O)CCc1cccc(C(=O)NO)c1,0.5098039215686274
CC1=NN(C)C=C1C(C)C(=O)NCCC(=O)N(C)C1=CC=CC=C1,CN(C(=O)CCNC(=O)O)c1ccccc1,0.5510204081632653
O=C(O)CCC1=CC=CC(C(=O)NC2=C3C=CC=CN3N=C2)=C1,O=C(O)CCc1cccc(C(=O)NO)c1,0.52
CCCC1(NC(=O)C2=CC=CC(CCC(=O)O)=C2)CCOC1,O=C(O)CCc1cccc(C(=O)NO)c1,0.5
CN(C(=O)CCNC(=O)C1=C(S(C)(=O)=O)C=NN1C)C1=CC=CC=C1,CN(C(=O)CCNC(=O)O)c1ccccc1,0.52
CN(C(=O)CCNC(=O)C1CNCC(C(F)(F)F)O1)C1=CC=CC=C1,CN(C(=O)CCNC(=O)O)c1ccccc1,0.52
CN(C(=O)CCNC(=O)C1CS(=O)(=O)CC12CC2)C1=CC=CC=C1,CN(C(=O)CCNC(=O)O)c1ccccc1,0.5306122448979592
CN(C(=O)CCNC(=O)NC1CS(=O)(=O)N(C)C1(C)C)C1=CC=CC=C1,CN(C(=O)CCNC(=O)O)c1ccccc1,0.5
COC(=O)C(OC)C1CCN(C(=O)NCCC(=O)N(C)C2=CC=CC=C2)CC1,CN(C(=O)CCNC(=O)O)c1ccccc1,0.5
NC(=O)C(N)CC1=CN=CC=N1,O=C(O)Cc1cnccn1,0.5
CC1=CC2=CC=CC=C2C(NC(=O)C2=CC(CCC(=O)O)=CC=C2)=N1,O=C(O)CCc1cccc(C(=O)NO)c1,0.5306122448979592
CNCCC1=CC=CC(C2=CC=C(CCCC(=O)O)C=C2)=C1,O=C(O)CCc1cccc(-c2ccccc2)c1,0.5609756097560976
COC1=CC(C2=CC(CCCC(=O)O)=CC=C2)=CS1,O=C(O)CCc1cccc(-c2ccccc2)c1,0.5
CC1=NOC(C(C)C)=C1NC(=O)C1=CC(CCC(=O)O)=CC=C1,O=C(O)CCc1cccc(C(=O)NO)c1,0.5098039215686274
CC1=NSC=C1NC(=O)C1=CC(CCC(=O)O)=CC=C1,O=C(O)CCc1cccc(C(=O)NO)c1,0.5531914893617021
CCC(C(=O)NCCC(=O)N(C)C1=CC=CC=C1)C1=CC=CN=C1,CN(C(=O)CCNC(=O)O)c1ccccc1,0.5306122448979592
CCC(COCC(F)(F)F)NC(=O)C1=CC=CC(CCC(=O)O)=C1,O=C(O)CCc1cccc(C(=O)NO)c1,0.5
CCC1=C(C(=O)NCCC(=O)N(C)C2=CC=CC=C2)N(C)C(C)=N1,CN(C(=O)CCNC(=O)O)c1ccccc1,0.5625
CCCC1=CC(CNC(=O)C2=CC=CC(CCC(=O)O)=C2)=CC=N1,O=C(O)CCc1cccc(C(=O)NO)c1,0.5306122448979592
CCN1C=NC(NC(=O)C2=CC=CC(CCC(=O)O)=C2)=C1,O=C(O)CCc1cccc(C(=O)NO)c1,0.5306122448979592
CN(C(=O)CCNC(=O)C1=CC=NC=C1C1CC1)C1=CC=CC=C1,CN(C(=O)CCNC(=O)O)c1ccccc1,0.52
CN(C(=O)CCNC(=O)N1CC(C)(CS(C)(=O)=O)C1)C1=CC=CC=C1,CN(C(=O)CCNC(=O)O)c1ccccc1,0.5416666666666666
CN(C(=O)CCNC(=O)NCC1(CO)CCCO1)C1=CC=CC=C1,CN(C(=O)CCNC(=O)O)c1ccccc1,0.52
CN(C(=O)CCNC(=O)NCC1=C(Cl)N=C(Cl)S1)C1=CC=CC=C1,CN(C(=O)CCNC(=O)O)c1ccccc1,0.5306122448979592
CN(C(=O)CCNC(=O)NCC1OCCOC1(C)C)C1=CC=CC=C1,CN(C(=O)CCNC(=O)O)c1ccccc1,0.52
CN(C(=O)CCNC(=O)[C@@H]1[C@@H](C2=CC=NC=C2)C1(C)C)C1=CC=CC=C1,CN(C(=O)CCNC(=O)O)c1ccccc1,0.5306122448979592
CN(C)CC1=CC=C(CNC(=O)C2=CC=CC(CCC(=O)O)=C2)O1,O=C(O)CCc1cccc(C(=O)NO)c1,0.5306122448979592
COC(=O)C1=CC(F)=C(F)C(C(=O)NCCC(=O)N(C)C2=CC=CC=C2)=C1,CN(C(=O)CCNC(=O)O)c1ccccc1,0.52
COC(C(=O)NCCC(=O)N(C)C1=CC=CC=C1)C1CC(F)(F)C1,CN(C(=O)CCNC(=O)O)c1ccccc1,0.52
COC1(C(=O)NCCC(=O)N(C)C2=CC=CC=C2)CCCOC1,CN(C(=O)CCNC(=O)O)c1ccccc1,0.52
CS(=O)(=O)C1=CN=CC(NC(=O)C2=CC(CCC(=O)O)=CC=C2)=C1,O=C(O)CCc1cccc(C(=O)NO)c1,0.52
O=C(O)CCC1=CC=CC(C(=O)NC2(C(F)(F)F)CCC(=O)CC2)=C1,O=C(O)CCc1cccc(C(=O)NO)c1,0.5306122448979592
O=C(O)CCC1=CC=CC(C(=O)NC2CN(C3=CC=NC=C3)C2)=C1,O=C(O)CCc1cccc(C(=O)NO)c1,0.52
O=C(O)CCC1=CC=CC(C(=O)NC2COC3CC2C3)=C1,O=C(O)CCc1cccc(C(=O)NO)c1,0.5416666666666666
CC1=CN=C(C(=O)NCCC(=O)N(C)C2=CC=CC=C2)C=C1C#N,CN(C(=O)CCNC(=O)O)c1ccccc1,0.54
CC(C)C1=NOC(CC(=O)NCCC(=O)N(C)C2=CC=CC=C2)=C1,CN(C(=O)CCNC(=O)O)c1ccccc1,0.52
CC(CNC(=O)C1=CC=CC(CCC(=O)O)=C1)C1=CC=CC=N1,O=C(O)CCc1cccc(C(=O)NO)c1,0.52
CC1CC(CO)N1C(=O)NCCC(=O)N(C)C1=CC=CC=C1,CN(C(=O)CCNC(=O)O)c1ccccc1,0.5531914893617021
CCC1=C(CNC(=O)NCCC(=O)N(C)C2=CC=CC=C2)NN=C1,CN(C(=O)CCNC(=O)O)c1ccccc1,0.5306122448979592
CC[C@H](O)CN(CC)C(=O)NCCC(=O)N(C)C1=CC=CC=C1,CN(C(=O)CCNC(=O)O)c1ccccc1,0.5777777777777777
CN(C(=O)CCNC(=O)N[C@@H]1C[C@H](C#N)C[C@H]1O)C1=CC=CC=C1,CN(C(=O)CCNC(=O)O)c1ccccc1,0.5098039215686274
CN(C(=O)CCNC(=O)[C@]1(C(F)F)C[C@@H](N)C1)C1=CC=CC=C1,CN(C(=O)CCNC(=O)O)c1ccccc1,0.5416666666666666
COC(=O)C1=CC=C(CNC(=O)NCCC(=O)N(C)C2=CC=CC=C2)C(OC)=C1,CN(C(=O)CCNC(=O)O)c1ccccc1,0.5
CSCCC(C)(C)C(=O)NCCC(=O)N(C)C1=CC=CC=C1,CN(C(=O)CCNC(=O)O)c1ccccc1,0.5909090909090909
CC1(C2=CC=CC(NC(=O)C3=CC=CC(CCC(=O)O)=C3)=C2)CCO1,O=C(O)CCc1cccc(C(=O)NO)c1,0.5
CC1(NC(=O)C2=CC(CCC(=O)O)=CC=C2)CCCC2=CC=CC=C21,O=C(O)CCc1cccc(C(=O)NO)c1,0.5
CC1=C(C#N)C(C(=O)NCCC(=O)N(C)C2=CC=CC=C2)=CC=C1F,CN(C(=O)CCNC(=O)O)c1ccccc1,0.5510204081632653
CC1=C(C(=O)NCCC(=O)N(C)C2=CC=CC=C2)C=C(CC(C)(C)C)N1C,CN(C(=O)CCNC(=O)O)c1ccccc1,0.54
CC1=CC(C(=O)NC(C)C)=CC=C1NC(=O)C1=CC=CC(CCC(=O)O)=C1,O=C(O)CCc1cccc(C(=O)NO)c1,0.5306122448979592
CC1=CC=C(C)C(C(=O)CNC(=O)C2=CC=CC(CCC(=O)O)=C2)=C1,O=C(O)CCc1cccc(C(=O)NO)c1,0.574468085106383
CN(C(=O)CCNC(=O)C1(OC2=CC=CC=C2C#N)CC1)C1=CC=CC=C1,CN(C(=O)CCNC(=O)O)c1ccccc1,0.5
CN(C(=O)CCNC(=O)C1=NC=C2NN=CC2=N1)C1=CC=CC=C1,CN(C(=O)CCNC(=O)O)c1ccccc1,0.5098039215686274
CC(=O)NC(CCN(C)C(=O)NCCC(=O)N(C)C1=CC=CC=C1)C(C)(C)C,CN(C(=O)CCNC(=O)O)c1ccccc1,0.5306122448979592
CC(C)(C)O[C@@H]1C[C@H](NC(=O)C2=CC(CCC(=O)O)=CC=C2)C1(C)C,O=C(O)CCc1cccc(C(=O)NO)c1,0.5192307692307693
CC(C)(NC(=O)C1=CC(CCC(=O)O)=CC=C1)C1=CC=CN=C1,O=C(O)CCc1cccc(C(=O)NO)c1,0.5306122448979592
CC(C)C(CO)C(NC(=O)C1=CC=CC(CCC(=O)O)=C1)C(C)C,O=C(O)CCc1cccc(C(=O)NO)c1,0.5652173913043478
CC(C)N(C)C(=O)C1=CC=CC=C1NC(=O)C1=CC=CC(CCC(=O)O)=C1,O=C(O)CCc1cccc(C(=O)NO)c1,0.5098039215686274
CC(CC1=CC=NC=C1)C(=O)NCCC(=O)N(C)C1=CC=CC=C1,CN(C(=O)CCNC(=O)O)c1ccccc1,0.5652173913043478
CC1(C)CC(NC(=O)C2=CC=CC(CCC(=O)O)=C2)CS1,O=C(O)CCc1cccc(C(=O)NO)c1,0.5306122448979592
CC1=C(CC(=O)NCCC(=O)N(C)C2=CC=CC=C2)N=CN1C,CN(C(=O)CCNC(=O)O)c1ccccc1,0.574468085106383
CC1=C(Cl)C=CN=C1CNC(=O)NCCC(=O)N(C)C1=CC=CC=C1,CN(C(=O)CCNC(=O)O)c1ccccc1,0.5510204081632653
CC1=C(OCC(=O)NCCC(=O)N(C)C2=CC=CC=C2)C(C)=NC=N1,CN(C(=O)CCNC(=O)O)c1ccccc1,0.6
CC1=C(S(=O)(=O)NCCC(=O)N(C)C2=CC=CC=C2)C=C(Cl)S1,CN(C(=O)CCNC(=O)O)c1ccccc1,0.5208333333333334
CC1=C2C(Cl)=C(C(=O)NCCC(=O)N(C)C3=CC=CC=C3)C=CC2=NN1,CN(C(=O)CCNC(=O)O)c1ccccc1,0.5192307692307693
CC1=CC(NC(=O)NCCC(=O)N(C)C2=CC=CC=C2)=CC(Cl)=C1F,CN(C(=O)CCNC(=O)O)c1ccccc1,0.5510204081632653
CC1=CC=C(C(C(=O)NCCC(=O)N(C)C2=CC=CC=C2)C2CCNCC2)C=C1,CN(C(=O)CCNC(=O)O)c1ccccc1,0.5192307692307693
CCC(CO)(NC(=O)C1=CC=CC(CCC(=O)O)=C1)C1=CC=CC=C1,O=C(O)CCc1cccc(C(=O)NO)c1,0.5531914893617021
CC1OCCC1(C)NC(=O)C1=CC(CCC(=O)O)=CC=C1,O=C(O)CCc1cccc(C(=O)NO)c1,0.52
CC[C@@H]1[C@@H](CC(=O)NCCC(=O)N(C)C2=CC=CC=C2)C1(F)F,CN(C(=O)CCNC(=O)O)c1ccccc1,0.5652173913043478
CN(C(=O)C1CC1)C1=CC=C(NC(=O)C2=CC=CC(CCC(=O)O)=C2)C=C1,O=C(O)CCc1cccc(C(=O)NO)c1,0.5
CN(C(=O)CCNC(=O)C(C)(C)C1(O)CCNC1)C1=CC=CC=C1,CN(C(=O)CCNC(=O)O)c1ccccc1,0.5306122448979592
CN(C(=O)CCNC(=O)C(C)(C1=CC=CS1)N(C)C)C1=CC=CC=C1,CN(C(=O)CCNC(=O)O)c1ccccc1,0.5531914893617021
CN(C(=O)CCNC(=O)C(N)C1=CN(C)N=N1)C1=CC=CC=C1,CN(C(=O)CCNC(=O)O)c1ccccc1,0.52
CN(C(=O)CCNC(=O)C(O)C1CCC(C(C)(C)C)CC1)C1=CC=CC=C1,CN(C(=O)CCNC(=O)O)c1ccccc1,0.5531914893617021
CN(C(=O)CCNC(=O)C1(C(F)(F)F)CCCCO1)C1=CC=CC=C1,CN(C(=O)CCNC(=O)O)c1ccccc1,0.52
CN(C(=O)CCNC(=O)C1(C)CCCC1O)C1=CC=CC=C1,CN(C(=O)CCNC(=O)O)c1ccccc1,0.5531914893617021
CN(C(=O)CCNC(=O)C1(CN)CCCS1(=O)=O)C1=CC=CC=C1,CN(C(=O)CCNC(=O)O)c1ccccc1,0.52
CN(C(=O)CCNC(=O)C1=C(Br)C=C(F)S1)C1=CC=CC=C1,CN(C(=O)CCNC(=O)O)c1ccccc1,0.5531914893617021
CN(C(=O)CCNC(=O)C1=C(F)C(F)=CC=C1C(F)(F)F)C1=CC=CC=C1,CN(C(=O)CCNC(=O)O)c1ccccc1,0.5416666666666666
CN(C(=O)CCNC(=O)C1=C2CCCCN2N=N1)C1=CC=CC=C1,CN(C(=O)CCNC(=O)O)c1ccccc1,0.5098039215686274
CN(C(=O)CCNC(=O)C1=CN=C(C(F)F)S1)C1=CC=CC=C1,CN(C(=O)CCNC(=O)O)c1ccccc1,0.5306122448979592
CN(C(=O)CCNC(=O)C1=NC(C2CC2)=CO1)C1=CC=CC=C1,CN(C(=O)CCNC(=O)O)c1ccccc1,0.52
CN(C(=O)CCNC(=O)C1NCCC12CCCC2)C1=CC=CC=C1,CN(C(=O)CCNC(=O)O)c1ccccc1,0.5306122448979592
CN(C(=O)CCNC(=O)NCC(O)CC1=CC=C(Cl)C=C1)C1=CC=CC=C1,CN(C(=O)CCNC(=O)O)c1ccccc1,0.5306122448979592
CN(C(=O)CCNC(=O)[C@@H]1CNC[C@H]1C1=CC(F)=CC(F)=C1)C1=CC=CC=C1,CN(C(=O)CCNC(=O)O)c1ccccc1,0.5
CN(C(=O)CCNC(=O)[C@@H]1C[C@H]1C1CCC(N)CC1)C1=CC=CC=C1,CN(C(=O)CCNC(=O)O)c1ccccc1,0.5306122448979592
CN(C(=O)CCNC(=O)[C@@H]1NCCC[C@@H]1C(F)(F)F)C1=CC=CC=C1,CN(C(=O)CCNC(=O)O)c1ccccc1,0.5098039215686274
CN(C(=O)CCNC(=O)[C@@]1(CN)C[C@@H]1C(F)(F)F)C1=CC=CC=C1,CN(C(=O)CCNC(=O)O)c1ccccc1,0.52
COC12CC(C1)C(C(=O)NCCC(=O)N(C)C1=CC=CC=C1)C2,CN(C(=O)CCNC(=O)O)c1ccccc1,0.5416666666666666
COC1=CC(F)=C(NC(=O)C2=CC(CCC(=O)O)=CC=C2)C=C1Cl,O=C(O)CCc1cccc(C(=O)NO)c1,0.5
COCC(O)C1(NC(=O)C2=CC=CC(CCC(=O)O)=C2)CC1,O=C(O)CCc1cccc(C(=O)NO)c1,0.52
C[C@H](NC(=O)C1=CC=CC(CCC(=O)O)=C1)C1=CN=NN1C,O=C(O)CCc1cccc(C(=O)NO)c1,0.52
O=C(O)CCC1=CC=CC(C(=O)NC2=CC=CC(C3=NOC=C3)=C2)=C1,O=C(O)CCc1cccc(C(=O)NO)c1,0.5098039215686274
O=C(O)CCC1=CC=CC(C(=O)NCC(C2=CC=CC=C2F)C(F)F)=C1,O=C(O)CCc1cccc(C(=O)NO)c1,0.52
O=C(O)CCC1=CC=CC(C(=O)NCCS(=O)C(F)(F)F)=C1,O=C(O)CCc1cccc(C(=O)NO)c1,0.5652173913043478
CC(C)C1=CC(CNC(=O)C2=CC=CC(CCC(=O)O)=C2)=NO1,O=C(O)CCc1cccc(C(=O)NO)c1,0.52
CC(C)N1C=CN=C1CNC(=O)C1=CC=CC(CCC(=O)O)=C1,O=C(O)CCc1cccc(C(=O)NO)c1,0.5098039215686274
CC(NC(=O)C1=CC(CCC(=O)O)=CC=C1)C1=CC=C(Cl)C=C1F,O=C(O)CCc1cccc(C(=O)NO)c1,0.5098039215686274
CC(NC(=O)NCCC(=O)N(C)C1=CC=CC=C1)C1=CC2=CC=CC=C2C=N1,CN(C(=O)CCNC(=O)O)c1ccccc1,0.5098039215686274
CC1=CC=C(NC(=O)C2=CC(CCC(=O)O)=CC=C2)C=C1CO,O=C(O)CCc1cccc(C(=O)NO)c1,0.5531914893617021
CC1=NC2=C(N=C(C)N2C)C(C(=O)NCCC(=O)N(C)C2=CC=CC=C2)=C1,CN(C(=O)CCNC(=O)O)c1ccccc1,0.5192307692307693
CCCC1=C(C(=O)NCCC(=O)N(C)C2=CC=CC=C2)N=NN1C,CN(C(=O)CCNC(=O)O)c1ccccc1,0.52
CCNC(=O)N(C)C1=CC=CC(NC(=O)C2=CC=CC(CCC(=O)O)=C2)=C1,O=C(O)CCc1cccc(C(=O)NO)c1,0.5
CCOC(=O)[C@H]1C[C@](F)(C(=O)NCCC(=O)N(C)C2=CC=CC=C2)C1,CN(C(=O)CCNC(=O)O)c1ccccc1,0.5510204081632653
CN(C(=O)CCNC(=O)C1=CC2=C(N1)C(C(=O)O)=CO2)C1=CC=CC=C1,CN(C(=O)CCNC(=O)O)c1ccccc1,0.5
CN(C(=O)CCNC(=O)N1CCC(O)C12CCC2)C1=CC=CC=C1,CN(C(=O)CCNC(=O)O)c1ccccc1,0.5098039215686274
CN(C(=O)CCNC(=O)N1CCN([C@@H]2CCCCC[C@H]2O)CC1)C1=CC=CC=C1,CN(C(=O)CCNC(=O)O)c1ccccc1,0.5098039215686274
CN(C(=O)CCNC(=O)NC1=CC=NN1CC(F)(F)F)C1=CC=CC=C1,CN(C(=O)CCNC(=O)O)c1ccccc1,0.5098039215686274
CN1C(CNC(=O)C2=CC(CCC(=O)O)=CC=C2)=CC2=CC=CC=C21,O=C(O)CCc1cccc(C(=O)NO)c1,0.52
COC1=CC=C(C(CC(=O)NCCC(=O)N(C)C2=CC=CC=C2)C(F)F)C=C1,CN(C(=O)CCNC(=O)O)c1ccccc1,0.5098039215686274
COC1=CC=CC(C(C)CNC(=O)C2=CC=CC(CCC(=O)O)=C2)=C1,O=C(O)CCc1cccc(C(=O)NO)c1,0.5098039215686274
O=C(O)CCC1=CC=CC(C(=O)NC2=CC=NN2CC(F)F)=C1,O=C(O)CCc1cccc(C(=O)NO)c1,0.54
O=C(O)CCC1=CC=CC(C(=O)NC2CC3=CC=CC=C3NC2=O)=C1,O=C(O)CCc1cccc(C(=O)NO)c1,0.5
CN(C(=O)CCNC(=O)C(C)(C)C1=NNC=C1)C1=CC=CC=C1,CN(C(=O)CCNC(=O)O)c1ccccc1,0.5531914893617021
CN(C(=O)CCNC(=O)C(F)(F)C1=CC=C2OCOC2=C1)C1=CC=CC=C1,CN(C(=O)CCNC(=O)O)c1ccccc1,0.5
CN(C(=O)CCNC(=O)C(N)C1(O)CCCCC1)C1=CC=CC=C1,CN(C(=O)CCNC(=O)O)c1ccccc1,0.5531914893617021
CN(C(=O)CCNC(=O)C1(C2=NN(C)C=C2)CC1)C1=CC=CC=C1,CN(C(=O)CCNC(=O)O)c1ccccc1,0.52
CN(C(=O)CCNC(=O)C12CCCNCCC1C2)C1=CC=CC=C1,CN(C(=O)CCNC(=O)O)c1ccccc1,0.5
CN(C(=O)CCNC(=O)C1=CN(C)N=C1C(C)(F)F)C1=CC=CC=C1,CN(C(=O)CCNC(=O)O)c1ccccc1,0.52
CN(C(=O)CCNC(=O)C1=NC=NC2=C1CCCC2)C1=CC=CC=C1,CN(C(=O)CCNC(=O)O)c1ccccc1,0.52
CN(C(=O)CCNC(=O)C1OC(C)(C)OC1(C)C)C1=CC=CC=C1,CN(C(=O)CCNC(=O)O)c1ccccc1,0.5652173913043478
CN(C(=O)CCNC(=O)CC1=CN=NS1)C1=CC=CC=C1,CN(C(=O)CCNC(=O)O)c1ccccc1,0.5652173913043478
CN(C(=O)CCNC(=O)CC1CCC2(CC1)COC2)C1=CC=CC=C1,CN(C(=O)CCNC(=O)O)c1ccccc1,0.52
CN(C(=O)CCNC(=O)NC12CCC(CC1)OC2)C1=CC=CC=C1,CN(C(=O)CCNC(=O)O)c1ccccc1,0.52
CN(C(=O)CCNC(=O)NC1=CNC2=NC=CC=C12)C1=CC=CC=C1,CN(C(=O)CCNC(=O)O)c1ccccc1,0.5098039215686274
COC1=CC=C(C(C)(O)CNC(=O)C2=CC=CC(CCC(=O)O)=C2)C=C1,O=C(O)CCc1cccc(C(=O)NO)c1,0.5098039215686274
N#CC12CCC(NC(=O)C3=CC(CCC(=O)O)=CC=C3)(CC1)CC2,O=C(O)CCc1cccc(C(=O)NO)c1,0.5531914893617021
O=C(O)CCC1=CC(C(=O)NC(CO)CN2CCCC2)=CC=C1,O=C(O)CCc1cccc(C(=O)NO)c1,0.5625
O=C(O)CCC1=CC=CC(C(=O)NCC2=CC(Cl)=CS2)=C1,O=C(O)CCc1cccc(C(=O)NO)c1,0.5531914893617021
CC(C)(C(=O)O)N1C=C(C2=CC=CC(CCC(=O)O)=C2)C=N1,O=C(O)CCc1cccc(-c2ccccc2)c1,0.5581395348837209
CC(N)[C@@H]1C[C@H]1C(=O)NCCC(=O)N(C)C1=CC=CC=C1,CN(C(=O)CCNC(=O)O)c1ccccc1,0.5652173913043478
CN(C(=O)CCC(=O)NCCC1=CC=CC=C1)C1=CC=C(CN)C=C1,CN(C(=O)CCNC(=O)O)c1ccccc1,0.5
CN(C(=O)CCNS(=O)(=O)C1=CC=NN1)C1=CC=CC=C1,CN(C(=O)CCNC(=O)O)c1ccccc1,0.5106382978723404
NCC(N)CCC(=O)NCCC1=CC=CC(C2=CC=CC=C2)=C1,O=C(O)CCc1cccc(-c2ccccc2)c1,0.5
O=C(O)CCC1=CC=CC(C2=CC=C(C(F)F)N=C2)=C1,O=C(O)CCc1cccc(-c2ccccc2)c1,0.5853658536585366
CC(=O)N(C)C1=CC=C(CNC(=O)C(C)(N)C2=CC=C(C(F)(F)F)C=C2)C=C1,NC(=O)NCc1ccc(C(F)(F)F)cc1,0.5
O=C(O)CCC1=CC=CC(C(=O)NCC2=CNC=C2)=C1,O=C(O)CCc1cccc(C(=O)NO)c1,0.5909090909090909
O=C(O)CCC1=CC=CC(C(=O)NN2CC3=CC=CC=C3C2)=C1,O=C(O)CCc1cccc(C(=O)NO)c1,0.6046511627906976
CN(C(=O)CCNC(=O)C1=NC(C2=CC=C(Cl)C=C2)=NS1)C1=CC=CC=C1,CN(C(=O)CCNC(=O)O)c1ccccc1,0.5
CN(C(=O)CCNC(=O)CC1=CSC(CCN)=N1)C1=CC=CC=C1,CN(C(=O)CCNC(=O)O)c1ccccc1,0.5
CN(C(=O)CCNC(=O)NC1=CC=C2SC=NC2=C1)C1=CC=CC=C1,CN(C(=O)CCNC(=O)O)c1ccccc1,0.5
CC(C)CC1=C(C(=O)NCCC(=O)N(C)C2=CC=CC=C2)C=NO1,CN(C(=O)CCNC(=O)O)c1ccccc1,0.52
CC1(CNC(=O)C2=CC=CC(CCC(=O)O)=C2)CCC2(CC1)OCCO2,O=C(O)CCc1cccc(C(=O)NO)c1,0.5098039215686274
CC1=C(C(=O)NCCC(=O)N(C)C2=CC=CC=C2)N=C2SC=CN12,CN(C(=O)CCNC(=O)O)c1ccccc1,0.5510204081632653
CC1=CC=C2C(C(=O)NCCC(=O)N(C)C3=CC=CC=C3)=CC=NC2=C1C,CN(C(=O)CCNC(=O)O)c1ccccc1,0.54
CC1=NN(C)C(C(F)F)=C1NC(=O)NCCC(=O)N(C)C1=CC=CC=C1,CN(C(=O)CCNC(=O)O)c1ccccc1,0.5294117647058824
CC1=NN=C(C2(NC(=O)NCCC(=O)N(C)C3=CC=CC=C3)CC2)N1,CN(C(=O)CCNC(=O)O)c1ccccc1,0.5294117647058824
CC1=NOC(CC(=O)NCCC(=O)N(C)C2=CC=CC=C2)C1,CN(C(=O)CCNC(=O)O)c1ccccc1,0.5625
CCC1=CSC(C(F)(F)C(=O)NCCC(=O)N(C)C2=CC=CC=C2)=N1,CN(C(=O)CCNC(=O)O)c1ccccc1,0.5
CN(C(=O)CCNC(=O)C1=NN=C(C(C)(C)C(F)F)O1)C1=CC=CC=C1,CN(C(=O)CCNC(=O)O)c1ccccc1,0.5
CN(C(=O)CCNC(=O)CN1C=C(Cl)C(=O)NC1=O)C1=CC=CC=C1,CN(C(=O)CCNC(=O)O)c1ccccc1,0.5098039215686274
CN(C(=O)CCNC(=O)N1CCCN(S(N)(=O)=O)CC1)C1=CC=CC=C1,CN(C(=O)CCNC(=O)O)c1ccccc1,0.5306122448979592
CN(C(=O)CCNC(=O)NCC1=CSC=C1C(F)(F)F)C1=CC=CC=C1,CN(C(=O)CCNC(=O)O)c1ccccc1,0.52
COC(=O)C1=CN=C(C(=O)NCCC(=O)N(C)C2=CC=CC=C2)C(N)=C1,CN(C(=O)CCNC(=O)O)c1ccccc1,0.5294117647058824
COC1=C(C(=O)NCCC(=O)N(C)C2=CC=CC=C2)C=NC2=CC=CC=C12,CN(C(=O)CCNC(=O)O)c1ccccc1,0.5098039215686274
COC1=CC=CC2=C1SC=C2C(=O)NCCC(=O)N(C)C1=CC=CC=C1,CN(C(=O)CCNC(=O)O)c1ccccc1,0.5
COC1CC2(CC(CNC(=O)NCCC(=O)N(C)C3=CC=CC=C3)C2)C1,CN(C(=O)CCNC(=O)O)c1ccccc1,0.54
CSC1=CC=C(C)C(NC(=O)C2=CC(CCC(=O)O)=CC=C2)=C1,O=C(O)CCc1cccc(C(=O)NO)c1,0.5416666666666666
C[C@H]1CN[C@H](C(=O)NCCC(=O)N(C)C2=CC=CC=C2)CO1,CN(C(=O)CCNC(=O)O)c1ccccc1,0.5306122448979592
O=C(O)CCC1=CC(C(=O)NC2(C(O)C(F)(F)F)COC2)=CC=C1,O=C(O)CCc1cccc(C(=O)NO)c1,0.5098039215686274
O=C(O)CCC1=CC=CC(C(=O)NC2=CN3N=CC=C3C=C2)=C1,O=C(O)CCc1cccc(C(=O)NO)c1,0.5416666666666666
O=C(O)CCC1=CC=CC(C(=O)NC2CCNC(=O)CC2)=C1,O=C(O)CCc1cccc(C(=O)NO)c1,0.52
O=C(O)CCC1=CC=CC(C(=O)NCCC2COCCOC2)=C1,O=C(O)CCc1cccc(C(=O)NO)c1,0.5416666666666666
CC1=CC(C2=CC=CC(CCC(=O)O)=C2)=CC=C1[C@H](C)N,O=C(O)CCc1cccc(-c2ccccc2)c1,0.5853658536585366
CC(C)[C@]1(C(=O)NCCC(=O)N(C)C2=CC=CC=C2)C[C@H]1C(=O)O,CN(C(=O)CCNC(=O)O)c1ccccc1,0.5531914893617021
CC(CN)C(F)C(=O)NCCC(=O)N(C)C1=CC=CC=C1,CN(C(=O)CCNC(=O)O)c1ccccc1,0.5909090909090909
CC1=CC(C(=O)NCCC(=O)N(C)C2=CC=CC=C2)=NN1CCN,CN(C(=O)CCNC(=O)O)c1ccccc1,0.54
CCCC(NC(=O)C1=CC=CC(CCC(=O)O)=C1)C(O)C1=CC=CC=C1,O=C(O)CCc1cccc(C(=O)NO)c1,0.5306122448979592
CCOC(=O)[C@@H]1C[C@H]1CC(=O)NCCC(=O)N(C)C1=CC=CC=C1,CN(C(=O)CCNC(=O)O)c1ccccc1,0.5625
CN(C(=O)CCNC(=O)COC1=CC=C(CCN)C=C1)C1=CC=CC=C1,CN(C(=O)CCNC(=O)O)c1ccccc1,0.5306122448979592
CC1NC2(C(=O)NCCC(=O)N(C)C3=CC=CC=C3)CC1C2,CN(C(=O)CCNC(=O)O)c1ccccc1,0.5531914893617021
CCC1=CON=C1C(=O)NCCC(=O)N(C)C1=CC=CC=C1,CN(C(=O)CCNC(=O)O)c1ccccc1,0.5652173913043478
CN(C(=O)CCNC(=O)C(C)(C)COC1CCCC1)C1=CC=CC=C1,CN(C(=O)CCNC(=O)O)c1ccccc1,0.5306122448979592
CN(C(=O)CCNC(=O)NC1=CCCC1)C1=CC=CC=C1,CN(C(=O)CCNC(=O)O)c1ccccc1,0.5777777777777777
CN(C(=O)CCNC(=O)NCC1=C(F)C=C(O)C=C1F)C1=CC=CC=C1,CN(C(=O)CCNC(=O)O)c1ccccc1,0.5652173913043478
CN(C(=O)CCNC(=O)[C@H](CC1=CC=C(F)C=C1)N(C)C)C1=CC=CC=C1,CN(C(=O)CCNC(=O)O)c1ccccc1,0.5531914893617021
CN(C(=O)CCNC(=O)[C@]1(C)CC[C@]1(C)N)C1=CC=CC=C1,CN(C(=O)CCNC(=O)O)c1ccccc1,0.5909090909090909
O=C(O)CCC1=CC=CC(C(=O)NC23COC(C2)C3)=C1,O=C(O)CCc1cccc(C(=O)NO)c1,0.5531914893617021
O=C(O)CCC1=CC=CC(C(=O)NC2=C(F)C(CO)=CC=C2)=C1,O=C(O)CCc1cccc(C(=O)NO)c1,0.5652173913043478
O=C(O)CCC1=CC=CC(C2=NN=C(C3CCC3)S2)=C1,O=C(O)CCc1cccc(-c2ccccc2)c1,0.5
CN(CC1CCC(F)(F)CC1)C(=O)NCCC(=O)N(C)C1=CC=CC=C1,CN(C(=O)CCNC(=O)O)c1ccccc1,0.5416666666666666
NC(=O)C1(NC(=O)C2=CC(CCC(=O)O)=CC=C2)CC2(CCC2)C1,O=C(O)CCc1cccc(C(=O)NO)c1,0.5306122448979592
CCS(=O)(=O)CNC(=O)NCCC(=O)N(C)C1=CC=CC=C1,CN(C(=O)CCNC(=O)O)c1ccccc1,0.6341463414634146
CC(=O)N1CCC2=C1C=CC=C2NC(=O)C1=CC=CC(CCC(=O)O)=C1,O=C(O)CCc1cccc(C(=O)NO)c1,0.5
CC(C)(C)C1=CC(CNC(=O)C2=CC=CC(CCC(=O)O)=C2)=NN1,O=C(O)CCc1cccc(C(=O)NO)c1,0.52
CC(C)(CO)C(NC(=O)C1=CC=CC(CCC(=O)O)=C1)C1CC1,O=C(O)CCc1cccc(C(=O)NO)c1,0.52
CC(C)N1C=C(Cl)C(NC(=O)C2=CC=CC(CCC(=O)O)=C2)=N1,O=C(O)CCc1cccc(C(=O)NO)c1,0.5098039215686274
CC1=C(NC(=O)C2=CC(CCC(=O)O)=CC=C2)C(=O)N(C)C=C1Br,O=C(O)CCc1cccc(C(=O)NO)c1,0.5294117647058824
CC1=CC2=NC(C(=O)NCCC(=O)N(C)C3=CC=CC=C3)=CN2C=C1C,CN(C(=O)CCNC(=O)O)c1ccccc1,0.54
CCOC1=CC(=O)OC(C(=O)NCCC(=O)N(C)C2=CC=CC=C2)=C1,CN(C(=O)CCNC(=O)O)c1ccccc1,0.52
CN(C(=O)CCNC(=O)C1(C)CC(C(F)(F)F)=NO1)C1=CC=CC=C1,CN(C(=O)CCNC(=O)O)c1ccccc1,0.5
CN(C(=O)CCNC(=O)C1(F)CS(=O)(=O)CC12CCC2)C1=CC=CC=C1,CN(C(=O)CCNC(=O)O)c1ccccc1,0.5098039215686274
CN(C(=O)CCNC(=O)NC1=CC(F)=CC=C1C1CC1)C1=CC=CC=C1,CN(C(=O)CCNC(=O)O)c1ccccc1,0.5
CN(C(=O)CCNC(=O)NCC1=CC=NN1C(F)(F)F)C1=CC=CC=C1,CN(C(=O)CCNC(=O)O)c1ccccc1,0.5098039215686274
CN(C(=O)CCNC(=O)NCC1C[C@@H]2CCCC[C@H]2O1)C1=CC=CC=C1,CN(C(=O)CCNC(=O)O)c1ccccc1,0.5
CN(C(=O)CCNC(=O)NCC1NC(=O)CC1(C)C)C1=CC=CC=C1,CN(C(=O)CCNC(=O)O)c1ccccc1,0.52
CO[C@H]1CN(C(=O)NCCC(=O)N(C)C2=CC=CC=C2)C[C@@H]1F,CN(C(=O)CCNC(=O)O)c1ccccc1,0.52
O=C(O)CCC1=CC=CC(C(=O)NC2=CC=C3C(=C2)CCS3(=O)=O)=C1,O=C(O)CCc1cccc(C(=O)NO)c1,0.5098039215686274
CC1(C)CCC(CO)(NC(=O)C2=CC(CCC(=O)O)=CC=C2)C1,O=C(O)CCc1cccc(C(=O)NO)c1,0.5306122448979592
CC1=C(C#N)NC(C(=O)NCCC(=O)N(C)C2=CC=CC=C2)=C1,CN(C(=O)CCNC(=O)O)c1ccccc1,0.574468085106383
CC1=C(CNC(=O)C2=CC=CC(CCC(=O)O)=C2)N=CS1,O=C(O)CCc1cccc(C(=O)NO)c1,0.5306122448979592
CC1=C(NC(=O)C2=CC=C(CNC(N)=O)C=C2)SC(C(F)(F)F)=C1,NC(=O)NCc1ccc(C(F)(F)F)cc1,0.5106382978723404
CC1=CC(CCNC(=O)C2=CC=CC(CCC(=O)O)=C2)=CC=C1F,O=C(O)CCc1cccc(C(=O)NO)c1,0.5531914893617021
CC1=CC(O)=CC=C1C(C)NC(=O)NCCC(=O)N(C)C1=CC=CC=C1,CN(C(=O)CCNC(=O)O)c1ccccc1,0.5510204081632653
CC1=CC=C(CCNC(=O)NCCC(=O)N(C)C2=CC=CC=C2)C=C1O,CN(C(=O)CCNC(=O)O)c1ccccc1,0.5869565217391305
CC1=CC=CC([C@H]2C[C@H](NC(=O)C3=CC=CC(CCC(=O)O)=C3)C2)=C1,O=C(O)CCc1cccc(C(=O)NO)c1,0.5306122448979592
CC1OC2(CO)CC1(C(=O)NCCC(=O)N(C)C1=CC=CC=C1)C2,CN(C(=O)CCNC(=O)O)c1ccccc1,0.52
CCC1=NC(C)=CC(NC(=O)NCCC(=O)N(C)C2=CC=CC=C2)=N1,CN(C(=O)CCNC(=O)O)c1ccccc1,0.5510204081632653
CCC1COCC1NC(=O)C1=CC=CC(CCC(=O)O)=C1,O=C(O)CCc1cccc(C(=O)NO)c1,0.5306122448979592
CN(C(=O)CCNC(=O)C12CC(C)(CCO1)C2)C1=CC=CC=C1,CN(C(=O)CCNC(=O)O)c1ccccc1,0.5416666666666666
CN(C(=O)CCNC(=O)C1=CC2=C(S1)C(F)=CC=C2F)C1=CC=CC=C1,CN(C(=O)CCNC(=O)O)c1ccccc1,0.5306122448979592
CN(C(=O)CCNC(=O)C1=CN=NN1C1CC1)C1=CC=CC=C1,CN(C(=O)CCNC(=O)O)c1ccccc1,0.52
CN(C(=O)CCNC(=O)C1=NN(CC(F)F)N=C1)C1=CC=CC=C1,CN(C(=O)CCNC(=O)O)c1ccccc1,0.5098039215686274
CN(C(=O)CCNC(=O)CC1=CC=NC=C1F)C1=CC=CC=C1,CN(C(=O)CCNC(=O)O)c1ccccc1,0.5416666666666666
CN(C(=O)CCNC(=O)NC1(CC2CC2)CCC1)C1=CC=CC=C1,CN(C(=O)CCNC(=O)O)c1ccccc1,0.5306122448979592
CN(C(=O)CCNC(=O)NC1=C(Br)SN=C1)C1=CC=CC=C1,CN(C(=O)CCNC(=O)O)c1ccccc1,0.5416666666666666
CN(C(=O)CCNC(=O)NC1=NC=C(F)N=C1)C1=CC=CC=C1,CN(C(=O)CCNC(=O)O)c1ccccc1,0.5531914893617021
CN(C(=O)CCNC(=O)N[C@H](CCO)C1CC1)C1=CC=CC=C1,CN(C(=O)CCNC(=O)O)c1ccccc1,0.5416666666666666
CNC1=CC(C(=O)NCCC(=O)N(C)C2=CC=CC=C2)=C(Br)C=N1,CN(C(=O)CCNC(=O)O)c1ccccc1,0.52
COC(=O)C1=CC=CN1CC(=O)NCCC(=O)N(C)C1=CC=CC=C1,CN(C(=O)CCNC(=O)O)c1ccccc1,0.5416666666666666
C[C@@H]1CCO[C@@H]1CCNC(=O)NCCC(=O)N(C)C1=CC=CC=C1,CN(C(=O)CCNC(=O)O)c1ccccc1,0.5416666666666666
O=C(O)CCC1=CC(C(=O)NC(CCO)C2=CC=CC=C2Cl)=CC=C1,O=C(O)CCc1cccc(C(=O)NO)c1,0.52
O=C(O)CCC1=CC(C(=O)NCC(O)COCC2=CC=CC=C2)=CC=C1,O=C(O)CCc1cccc(C(=O)NO)c1,0.5416666666666666
O=C(O)CCC1=CC=CC(C(=O)NC2=CC(Br)=CN=C2O)=C1,O=C(O)CCc1cccc(C(=O)NO)c1,0.574468085106383
O=C(O)CCC1=CC=CC(C(=O)NCCC2=NC=C(Br)S2)=C1,O=C(O)CCc1cccc(C(=O)NO)c1,0.5510204081632653
O=C(O)CCC1=CC=CC(C(=O)NCCN2C=CN=N2)=C1,O=C(O)CCc1cccc(C(=O)NO)c1,0.5306122448979592
CC(CC1=CN(C)N=C1)NC(=O)C1=CC=CC(CCC(=O)O)=C1,O=C(O)CCc1cccc(C(=O)NO)c1,0.5
CC(C)C1=CC=CC(F)=C1C(=O)NCCC(=O)N(C)C1=CC=CC=C1,CN(C(=O)CCNC(=O)O)c1ccccc1,0.5531914893617021
CC1=C(C)C(C(=O)NCCC(=O)N(C)C2=CC=CC=C2)=CC(F)=C1,CN(C(=O)CCNC(=O)O)c1ccccc1,0.6
CC1=NSC=C1CC(=O)NCCC(=O)N(C)C1=CC=CC=C1,CN(C(=O)CCNC(=O)O)c1ccccc1,0.5869565217391305
CCOC(=O)[C@@]1(C)C[C@@H]1C(=O)NCCC(=O)N(C)C1=CC=CC=C1,CN(C(=O)CCNC(=O)O)c1ccccc1,0.5625
CCOC(C(=O)NCCC(=O)N(C)C1=CC=CC=C1)C1CCC1,CN(C(=O)CCNC(=O)O)c1ccccc1,0.5416666666666666
CN(C(=O)CCNC(=O)C(C(O)C(F)(F)F)C(C)(C)C)C1=CC=CC=C1,CN(C(=O)CCNC(=O)O)c1ccccc1,0.5652173913043478
CN(C(=O)CCNC(=O)CCC1CCCC(O)C1)C1=CC=CC=C1,CN(C(=O)CCNC(=O)O)c1ccccc1,0.5416666666666666
CN(C(=O)CCNC1=NN(C)C(F)=C1)C1=CC=CC=C1,CN(C(=O)CCNC(=O)O)c1ccccc1,0.5106382978723404
CS(=N)(=O)C1=CC=C(C2=CC(CCCC(=O)O)=CC=C2)C=C1,O=C(O)CCc1cccc(-c2ccccc2)c1,0.5476190476190477
O=C(O)CCC1=CC=CC(C(=O)NCC2=CC3=CC=CC=C3NC2=O)=C1,O=C(O)CCc1cccc(C(=O)NO)c1,0.5098039215686274
CC1=C(C(F)(F)F)C(NC(=O)NCCC(=O)N(C)C2=CC=CC=C2)=NN=C1,CN(C(=O)CCNC(=O)O)c1ccccc1,0.5192307692307693
CC(C)(CNC(=O)C1=CC=CC(CCC(=O)O)=C1)N1C=CN=C1,O=C(O)CCc1cccc(C(=O)NO)c1,0.5
CC(C)C1=NN(C(C)C)C(NC(=O)C2=CC=CC(CCC(=O)O)=C2)=C1,O=C(O)CCc1cccc(C(=O)NO)c1,0.52
CC1(C)[C@H]2CC[C@@H](NC(=O)C3=CC(CCC(=O)O)=CC=C3)[C@@H]1C2,O=C(O)CCc1cccc(C(=O)NO)c1,0.5098039215686274
CN(C(=O)CCNC(=O)C1=C(Cl)C=C(CO)C=C1Cl)C1=CC=CC=C1,CN(C(=O)CCNC(=O)O)c1ccccc1,0.5777777777777777
CN(C(=O)CCNC(=O)CC12CC(S(C)(=O)=O)(C1)C2)C1=CC=CC=C1,CN(C(=O)CCNC(=O)O)c1ccccc1,0.5652173913043478
CN(C)CC(C)(CC(=O)NCCC(=O)N(C)C1=CC=CC=C1)C(F)(F)F,CN(C(=O)CCNC(=O)O)c1ccccc1,0.5652173913043478
CSC1=C(C(=O)NCCC(=O)N(C)C2=CC=CC=C2)CCCC1,CN(C(=O)CCNC(=O)O)c1ccccc1,0.5777777777777777
CSCC[C@H](O)CC(=O)NCCC(=O)N(C)C1=CC=CC=C1,CN(C(=O)CCNC(=O)O)c1ccccc1,0.5652173913043478
NC(=O)C1=CC=C(CN[C@@H](C2=CC=C(C(F)(F)F)C=C2)C(F)F)C=C1,NC(=O)NCc1ccc(C(F)(F)F)cc1,0.5
CN1C=NC2=CC(NC(=O)C3=CC(CCC(=O)O)=CC=C3)=CN=C21,O=C(O)CCc1cccc(C(=O)NO)c1,0.5
CC1=CC=CC2=NN=C(NC(=O)NCCC(=O)N(C)C3=CC=CC=C3)N12,CN(C(=O)CCNC(=O)O)c1ccccc1,0.54
CC1=NN(C)C(N)=C1S(=O)(=O)NCCC(=O)N(C)C1=CC=CC=C1,CN(C(=O)CCNC(=O)O)c1ccccc1,0.5
CC1COCCC1CNC(=O)C1=CC=CC(CCC(=O)O)=C1,O=C(O)CCc1cccc(C(=O)NO)c1,0.5
CCC(NC(=O)C1=CC=CC(CCC(=O)O)=C1)C1=NC=CC=N1,O=C(O)CCc1cccc(C(=O)NO)c1,0.5531914893617021
CCC1=CC=C(OC)C=C1NC(=O)C1=CC=CC(CCC(=O)O)=C1,O=C(O)CCc1cccc(C(=O)NO)c1,0.5306122448979592
CCCC1=NSC(N)=C1C(=O)NCCC(=O)N(C)C1=CC=CC=C1,CN(C(=O)CCNC(=O)O)c1ccccc1,0.5098039215686274
CCN1C=CN=C1NC(=O)C1=CC=CC(CCC(=O)O)=C1,O=C(O)CCc1cccc(C(=O)NO)c1,0.5306122448979592
CN(C(=O)CCNC(=O)C1=C(C2CCCC2)NC=C1)C1=CC=CC=C1,CN(C(=O)CCNC(=O)O)c1ccccc1,0.52
CN(C(=O)CCNC(=O)C1=CC=CN2C=NN=C12)C1=CC=CC=C1,CN(C(=O)CCNC(=O)O)c1ccccc1,0.52
CN(C(=O)CCNC(=O)C1=NC=C2CCCN21)C1=CC=CC=C1,CN(C(=O)CCNC(=O)O)c1ccccc1,0.5098039215686274
CN(C(=O)CCNC(=O)CC(C)(C1CCC1)N(C)C)C1=CC=CC=C1,CN(C(=O)CCNC(=O)O)c1ccccc1,0.5531914893617021
CN(C(=O)CCNC(=O)NC1(C2=CC=NN2C)CC1)C1=CC=CC=C1,CN(C(=O)CCNC(=O)O)c1ccccc1,0.5
CN(C(=O)CCNC(=O)NC1=C2CC(C)(C)CC2=CC=C1)C1=CC=CC=C1,CN(C(=O)CCNC(=O)O)c1ccccc1,0.5098039215686274
CN(C(=O)CCNC(=O)NCC1C2CCC(F)(F)C21)C1=CC=CC=C1,CN(C(=O)CCNC(=O)O)c1ccccc1,0.5
COC(=O)C12CC(C(=O)NCCC(=O)N(C)C3=CC=CC=C3)(CN1)C2,CN(C(=O)CCNC(=O)O)c1ccccc1,0.52
COC1=CC=C(CCNC(=O)NCCC(=O)N(C)C2=CC=CC=C2)C2=CC=CC=C12,CN(C(=O)CCNC(=O)O)c1ccccc1,0.5306122448979592
CO[C@@H]1[C@H](OC)CN[C@H]1C(=O)NCCC(=O)N(C)C1=CC=CC=C1,CN(C(=O)CCNC(=O)O)c1ccccc1,0.52
CSC1=NC=C(C(=O)NCCC(=O)N(C)C2=CC=CC=C2)N1C,CN(C(=O)CCNC(=O)O)c1ccccc1,0.5306122448979592
O=C(O)CCC1=CC=CC(C(=O)NC2=NC=CC3=C2C=CS3)=C1,O=C(O)CCc1cccc(C(=O)NO)c1,0.52
O=C(O)CCC1=CC=CC(C(=O)NCC2CN3CCC2CC3)=C1,O=C(O)CCc1cccc(C(=O)NO)c1,0.52
CC(CNC(=O)NCCC(=O)N(C)C1=CC=CC=C1)OC(F)F,CN(C(=O)CCNC(=O)O)c1ccccc1,0.5652173913043478
CC1(C(CO)NC(=O)C2=CC=CC(CCC(=O)O)=C2)CC1,O=C(O)CCc1cccc(C(=O)NO)c1,0.5531914893617021
CN(C(=O)CCNC(=O)C1(CCN2CCCCC2)CC1)C1=CC=CC=C1,CN(C(=O)CCNC(=O)O)c1ccccc1,0.52
CN(C(=O)CCNC(=O)C1(CN)CCNC1)C1=CC=CC=C1,CN(C(=O)CCNC(=O)O)c1ccccc1,0.5306122448979592
CN(C(=O)CCNC(=O)C1=C(C2=CC=CS2)C=CN1)C1=CC=CC=C1,CN(C(=O)CCNC(=O)O)c1ccccc1,0.5098039215686274
CN(C(=O)CCNC(=O)C1=CC=C(O)C=C1C(F)F)C1=CC=CC=C1,CN(C(=O)CCNC(=O)O)c1ccccc1,0.574468085106383
CN(C(=O)CCNC(=O)C1CC2(CCCCC2)N1)C1=CC=CC=C1,CN(C(=O)CCNC(=O)O)c1ccccc1,0.5416666666666666
CN(C(=O)CCNC(=O)CC1=NC=CO1)C1=CC=CC=C1,CN(C(=O)CCNC(=O)O)c1ccccc1,0.5652173913043478
CN(C(=O)CCNC(=O)C[C@@H]1CCCN1C)C1=CC=CC=C1,CN(C(=O)CCNC(=O)O)c1ccccc1,0.5416666666666666
CN(C(=O)CCNC(=O)NC1CCOCC1F)C1=CC=CC=C1,CN(C(=O)CCNC(=O)O)c1ccccc1,0.5098039215686274
CN(C(=O)CCNC(=O)[C@@H](N)CN1CCCC1=O)C1=CC=CC=C1,CN(C(=O)CCNC(=O)O)c1ccccc1,0.5
CN(C(=O)CCNC(=O)[C@@H]1C[C@@H]2C[C@H]1CO2)C1=CC=CC=C1,CN(C(=O)CCNC(=O)O)c1ccccc1,0.5416666666666666
CN(C(=O)CCNC1=CC=CN=C1S(C)(=O)=O)C1=CC=CC=C1,CN(C(=O)CCNC(=O)O)c1ccccc1,0.5
COC1=C(C)C(Cl)=CC=C1C(=O)NCCC(=O)N(C)C1=CC=CC=C1,CN(C(=O)CCNC(=O)O)c1ccccc1,0.5625
COC1=CC=C(C(CNC(=O)NCCC(=O)N(C)C2=CC=CC=C2)OC)C=C1,CN(C(=O)CCNC(=O)O)c1ccccc1,0.52
COCC1(C(=O)NCCC(=O)N(C)C2=CC=CC=C2)CC(=O)C1,CN(C(=O)CCNC(=O)O)c1ccccc1,0.5652173913043478
CC1=C(C(=O)NCCC(=O)N(C)C2=CC=CC=C2)C=C(C(=O)O)S1,CN(C(=O)CCNC(=O)O)c1ccccc1,0.6
CC1=NC=C(CC(=O)NCCC(=O)N(C)C2=CC=CC=C2)N=C1,CN(C(=O)CCNC(=O)O)c1ccccc1,0.6
CC1NC2=CC=CC=C2C1C(=O)NCCC(=O)N(C)C1=CC=CC=C1,CN(C(=O)CCNC(=O)O)c1ccccc1,0.5531914893617021
CCCN(C(=O)C1=CC=CC(CCC(=O)O)=C1)C(C)(C)C,O=C(O)CCc1cccc(C(=O)NO)c1,0.5
O=C(O)CC1(CC(=O)NCC2=CC=C(C(F)(F)F)C=C2)CC1,NC(=O)NCc1ccc(C(F)(F)F)cc1,0.5238095238095238
CN1C=C(Cl)C(CNC(=O)C2=CC(CCC(=O)O)=CC=C2)=N1,O=C(O)CCc1cccc(C(=O)NO)c1,0.5098039215686274
CN1N=C(NC(=O)C2=CC(CCC(=O)O)=CC=C2)C2=NC=CN=C21,O=C(O)CCc1cccc(C(=O)NO)c1,0.5
COC(=O)C1(NC(=O)NCCC(=O)N(C)C2=CC=CC=C2)CC2CC1C2,CN(C(=O)CCNC(=O)O)c1ccccc1,0.5
CC(C)(O)C1=CSC(NC(=O)C2=CC(CCC(=O)O)=CC=C2)=N1,O=C(O)CCc1cccc(C(=O)NO)c1,0.5098039215686274
CC(C)C(NC(=O)C1=CC=CC(CCC(=O)O)=C1)C1=CC=CN=C1,O=C(O)CCc1cccc(C(=O)NO)c1,0.5098039215686274
CC(NC(=O)C1=CC=CC(CCC(=O)O)=C1)C1=CC=NC=N1,O=C(O)CCc1cccc(C(=O)NO)c1,0.52
CC1(C2=CC=CC=C2F)CC1NC(=O)C1=CC(CCC(=O)O)=CC=C1,O=C(O)CCc1cccc(C(=O)NO)c1,0.5192307692307693
CC1=CC2=CC=C(CNC(=O)C3=CC(CCC(=O)O)=CC=C3)C=C2N1,O=C(O)CCc1cccc(C(=O)NO)c1,0.5098039215686274
CCC1=CC=C(CCNC(=O)C2=CC=CC(CCC(=O)O)=C2)N=C1,O=C(O)CCc1cccc(C(=O)NO)c1,0.52
CN(C(=O)CCNC(=O)C12CCCC(CO1)C2)C1=CC=CC=C1,CN(C(=O)CCNC(=O)O)c1ccccc1,0.5
CN(C(=O)CCNC(=O)C1=CC=NC2=C1CNC2)C1=CC=CC=C1,CN(C(=O)CCNC(=O)O)c1ccccc1,0.5098039215686274
CN(C(=O)CCNC(=O)C1=CN(CCC(C)(C)C)N=N1)C1=CC=CC=C1,CN(C(=O)CCNC(=O)O)c1ccccc1,0.5
CN(C(=O)CCNC(=O)NC1(C2=NC=CC=C2F)CCC1)C1=CC=CC=C1,CN(C(=O)CCNC(=O)O)c1ccccc1,0.5
CN(C(=O)CCNC(=O)N[C@@H]1C[C@H]2C[C@@H]1C[C@]2(C)O)C1=CC=CC=C1,CN(C(=O)CCNC(=O)O)c1ccccc1,0.5098039215686274
CN(C(=O)CCNC(=O)NC1=NOCC1)C1=CC=CC=C1,CN(C(=O)CCNC(=O)O)c1ccccc1,0.5531914893617021
O=C(O)CCC1=CC=CC(C2=CC=C(C(=O)O)C=C2Br)=C1,O=C(O)CCc1cccc(-c2ccccc2)c1,0.575
CC(=O)NC1=CC=C(C)C=C1NC(=O)C1=CC(CCC(=O)O)=CC=C1,O=C(O)CCc1cccc(C(=O)NO)c1,0.5531914893617021
CC(CNC(=O)NCCC(=O)N(C)C1=CC=CC=C1)C1=CSC=C1,CN(C(=O)CCNC(=O)O)c1ccccc1,0.5306122448979592
CC1(C)CCCC1CNC(=O)C1=CC(CCC(=O)O)=CC=C1,O=C(O)CCc1cccc(C(=O)NO)c1,0.52
CC1(NC(=O)C2=CC=CC(CCC(=O)O)=C2)CN2CCC1CC2,O=C(O)CCc1cccc(C(=O)NO)c1,0.5098039215686274
CC1=NC=C(NC(=O)C2=CC(CCC(=O)O)=CC=C2)C=C1C(F)(F)F,O=C(O)CCc1cccc(C(=O)NO)c1,0.5098039215686274
CCN1C(C)=NN(CC(=O)NCCC(=O)N(C)C2=CC=CC=C2)C1=O,CN(C(=O)CCNC(=O)O)c1ccccc1,0.54
CCN1C=CC(CNC(=O)C2=CC=CC(CCC(=O)O)=C2)=C1,O=C(O)CCc1cccc(C(=O)NO)c1,0.5416666666666666
CN(C(=O)CCNC(=O)C1(N)CC(C2CCC2)C1)C1=CC=CC=C1,CN(C(=O)CCNC(=O)O)c1ccccc1,0.5416666666666666
CN(C(=O)CCNC(=O)C1(N2CCOCC2=O)CC1)C1=CC=CC=C1,CN(C(=O)CCNC(=O)O)c1ccccc1,0.5
CN(C(=O)CCNC(=O)C1(O)CN2CCC1CC2)C1=CC=CC=C1,CN(C(=O)CCNC(=O)O)c1ccccc1,0.5306122448979592
CN(C(=O)CCNC(=O)C1=CC(C#N)=NO1)C1=CC=CC=C1,CN(C(=O)CCNC(=O)O)c1ccccc1,0.5306122448979592
CN(C(=O)CCNC(=O)C1=CC(C2(C)CC2)=NN1)C1=CC=CC=C1,CN(C(=O)CCNC(=O)O)c1ccccc1,0.5098039215686274
CN(C(=O)CCNC(=O)C1=CC=CC(C2(F)CC2(F)F)=C1)C1=CC=CC=C1,CN(C(=O)CCNC(=O)O)c1ccccc1,0.52
CN(C(=O)CCNC(=O)C1=NNC2=C1CC(C)(C)C2)C1=CC=CC=C1,CN(C(=O)CCNC(=O)O)c1ccccc1,0.5
CN(C(=O)CCNC(=O)CC12COC(C1)C2)C1=CC=CC=C1,CN(C(=O)CCNC(=O)O)c1ccccc1,0.5416666666666666
CN(C(=O)CCNC(=O)CC1=CC(Br)=NN1C)C1=CC=CC=C1,CN(C(=O)CCNC(=O)O)c1ccccc1,0.5306122448979592
CN(C(=O)CCNC(=O)N1CC(C2=CC=C(O)C=C2)C1)C1=CC=CC=C1,CN(C(=O)CCNC(=O)O)c1ccccc1,0.5416666666666666
CN(C(=O)CCNC(=O)NCC1(C)CCCC(F)(F)C1)C1=CC=CC=C1,CN(C(=O)CCNC(=O)O)c1ccccc1,0.52
CN(C(=O)CCNC(=O)NC[C@@H]1[C@@H]2CN[C@H]1C2)C1=CC=CC=C1,CN(C(=O)CCNC(=O)O)c1ccccc1,0.52
CN(C)C(=O)C1=CC=C(NC(=O)C2=CC(CCC(=O)O)=CC=C2)C=C1Cl,O=C(O)CCc1cccc(C(=O)NO)c1,0.5098039215686274
CN(C)C(=O)[C@H]1C[C@@H](O)CN1C(=O)NCCC(=O)N(C)C1=CC=CC=C1,CN(C(=O)CCNC(=O)O)c1ccccc1,0.52
CN(C)C1=CN=C(CNC(=O)C2=CC=CC(CCC(=O)O)=C2)N=C1,O=C(O)CCc1cccc(C(=O)NO)c1,0.5416666666666666
COC(=O)C1=C(C)ON=C1C(=O)NCCC(=O)N(C)C1=CC=CC=C1,CN(C(=O)CCNC(=O)O)c1ccccc1,0.5510204081632653
COC(=O)C1=CC(CC(=O)NCCC(=O)N(C)C2=CC=CC=C2)=CS1,CN(C(=O)CCNC(=O)O)c1ccccc1,0.52
COC(=O)C1=CC2=C(SC(C(=O)NCCC(=O)N(C)C3=CC=CC=C3)=C2)S1,CN(C(=O)CCNC(=O)O)c1ccccc1,0.5306122448979592
COC(C)(C)C(C)NC(=O)C1=CC=CC(CCC(=O)O)=C1,O=C(O)CCc1cccc(C(=O)NO)c1,0.5652173913043478
COC(CNC(=O)NCCC(=O)N(C)C1=CC=CC=C1)CC1CC1,CN(C(=O)CCNC(=O)O)c1ccccc1,0.52
COC1(C(=O)NCCC(=O)N(C)C2=CC=CC=C2)CC(C(F)F)C1,CN(C(=O)CCNC(=O)O)c1ccccc1,0.52
COCC1=NN=C(CNC(=O)NCCC(=O)N(C)C2=CC=CC=C2)S1,CN(C(=O)CCNC(=O)O)c1ccccc1,0.5306122448979592
C[C@H](NC(=O)N(C)C)C1=CC=C(NC(=O)C2=CC=CC(CCC(=O)O)=C2)C=C1,O=C(O)CCc1cccc(C(=O)NO)c1,0.5
O=C(O)CCC1=CC=CC(C(=O)NC2=CC(F)=CC(Br)=C2)=C1,O=C(O)CCc1cccc(C(=O)NO)c1,0.6
O=C(O)CCC1=CC=CC(C(=O)NC2=CC=CN3C=NN=C23)=C1,O=C(O)CCc1cccc(C(=O)NO)c1,0.52
O=C(O)CCC1=CC=CC(C(=O)NC2CC3(CCOC3)C2)=C1,O=C(O)CCc1cccc(C(=O)NO)c1,0.5098039215686274
O=C(O)CCC1=CC=CC(C(=O)NCC2=CC=CC(Br)=C2F)=C1,O=C(O)CCc1cccc(C(=O)NO)c1,0.5869565217391305
CC(C)=C(F)CNC(=O)NCCC(=O)N(C)C1=CC=CC=C1,CN(C(=O)CCNC(=O)O)c1ccccc1,0.6190476190476191
C=CC1=CC=C(NC(=O)C2=CC(CCC(=O)O)=CC=C2)C=C1,O=C(O)CCc1cccc(C(=O)NO)c1,0.5909090909090909
CC(CNC(=O)C1=CC=CC(CCC(=O)O)=C1)C(F)(F)F,O=C(O)CCc1cccc(C(=O)NO)c1,0.5777777777777777
CC1=NOC(C(=O)NCCC(=O)N(C)C2=CC=CC=C2)C1C,CN(C(=O)CCNC(=O)O)c1ccccc1,0.5869565217391305
CC1COC(=O)C1NC(=O)NCCC(=O)N(C)C1=CC=CC=C1,CN(C(=O)CCNC(=O)O)c1ccccc1,0.5306122448979592
CCN1N=C(CN)C=C1C(=O)NCCC(=O)N(C)C1=CC=CC=C1,CN(C(=O)CCNC(=O)O)c1ccccc1,0.52
CN(C(=O)CCNC(=O)C1(S(N)(=O)=O)CCCC1)C1=CC=CC=C1,CN(C(=O)CCNC(=O)O)c1ccccc1,0.5652173913043478
CN(C(=O)CCNC(=O)C1=CC(Br)=C(C#N)S1)C1=CC=CC=C1,CN(C(=O)CCNC(=O)O)c1ccccc1,0.5306122448979592
CN(C(=O)CCNC(=O)C1=NOC(CCO)=C1)C1=CC=CC=C1,CN(C(=O)CCNC(=O)O)c1ccccc1,0.5531914893617021
CN(C(=O)CCNC(=O)C1CCS(=O)(=O)C12CCC2)C1=CC=CC=C1,CN(C(=O)CCNC(=O)O)c1ccccc1,0.5098039215686274
CN(C(=O)CCNC(=O)NCCC1(C(C)(F)F)CC1)C1=CC=CC=C1,CN(C(=O)CCNC(=O)O)c1ccccc1,0.5531914893617021
C[C@H](C(=O)NCCC(=O)N(C)C1=CC=CC=C1)C1=CC=C(C(F)(F)F)C=C1,CN(C(=O)CCNC(=O)O)c1ccccc1,0.5531914893617021
O=C(O)CCC1=CC=CC(C(=O)NCC2=NN=CN2)=C1,O=C(O)CCc1cccc(C(=O)NO)c1,0.5531914893617021
O=C(O)CCC1=CC=CC(C2=CON=C2C(=O)O)=C1,O=C(O)CCc1cccc(-c2ccccc2)c1,0.5609756097560976
O=C(O)CCC1=CC=CC(C2=NN=C(O)C(C(F)(F)F)=C2)=C1,O=C(O)CCc1cccc(-c2ccccc2)c1,0.5227272727272727
CN(C(=O)CCNC(=O)C12CCCN(C1)S(=O)(=O)C2)C1=CC=CC=C1,CN(C(=O)CCNC(=O)O)c1ccccc1,0.5
CN(C(=O)CCNC(=O)C1=C2CSCCN2C=C1)C1=CC=CC=C1,CN(C(=O)CCNC(=O)O)c1ccccc1,0.5
CN(C(=O)CCNC(=O)C1=CN=CC2=C1NN=C2)C1=CC=CC=C1,CN(C(=O)CCNC(=O)O)c1ccccc1,0.52
CN(C(=O)CCNC(=O)C1CC2=NN=CN2C1)C1=CC=CC=C1,CN(C(=O)CCNC(=O)O)c1ccccc1,0.5
CN(C(=O)CCNC(=O)C1OCCOC12CCC2)C1=CC=CC=C1,CN(C(=O)CCNC(=O)O)c1ccccc1,0.5098039215686274
CN(C(=O)CCNC(=O)N1CCC(CO)(CC(F)F)CC1)C1=CC=CC=C1,CN(C(=O)CCNC(=O)O)c1ccccc1,0.5
CO[C@H]1C[C@@H](OC)C12CCN(C(=O)NCCC(=O)N(C)C1=CC=CC=C1)CC2,CN(C(=O)CCNC(=O)O)c1ccccc1,0.5
CC(C)N1C[C@@H]2C[C@H]1CN2C(=O)NCCC(=O)N(C)C1=CC=CC=C1,CN(C(=O)CCNC(=O)O)c1ccccc1,0.5098039215686274
CC1=C(C(=O)NCCC(=O)N(C)C2=CC=CC=C2)C(C(F)F)=NN1C,CN(C(=O)CCNC(=O)O)c1ccccc1,0.54
CC1=C(C(=O)NCCC(=O)N(C)C2=CC=CC=C2)C=CN1CC1CC1,CN(C(=O)CCNC(=O)O)c1ccccc1,0.54
CC1=CC(C(=O)NCCC(=O)N(C)C2=CC=CC=C2)=C2NC=NC2=C1,CN(C(=O)CCNC(=O)O)c1ccccc1,0.54
CC1=CC2=C(C=C(CNC(=O)C3=CC(CCC(=O)O)=CC=C3)N2)S1,O=C(O)CCc1cccc(C(=O)NO)c1,0.5
O=C(O)CCC1=CC=CC(C(=O)NC2=CC=CN=C2N2C=CC=C2)=C1,O=C(O)CCc1cccc(C(=O)NO)c1,0.52
O=C(O)CN(CCO)C(=O)CO,O=CNCCCN(CC(=O)O)C(=O)CO,0.59375
CC1=CN2N=C(NC(=O)NCCC(=O)N(C)C3=CC=CC=C3)N=C2N=C1,CN(C(=O)CCNC(=O)O)c1ccccc1,0.5
CN(C(=O)CCNC(=O)C(O)(C1CC1)C1CC1)C1=CC=CC=C1,CN(C(=O)CCNC(=O)O)c1ccccc1,0.6341463414634146
O=C(NCC1=CC=C(OC2=CC=C(C(F)(F)F)C=C2)C=C1)C(O)C(F)F,NC(=O)NCc1ccc(C(F)(F)F)cc1,0.5116279069767442
CC(C)N1C=NC=C1C(=O)NCCC(=O)N(C)C1=CC=CC=C1,CN(C(=O)CCNC(=O)O)c1ccccc1,0.5416666666666666
CC(C1CCOCC1)N(C)C(=O)NCCC(=O)N(C)C1=CC=CC=C1,CN(C(=O)CCNC(=O)O)c1ccccc1,0.5306122448979592
CC(CCNC(=O)C1=CC=CC(CCC(=O)O)=C1)OC(F)F,O=C(O)CCc1cccc(C(=O)NO)c1,0.5306122448979592
CC1=C(C)C(NCCC(=O)N(C)C2=CC=CC=C2)=NC(C2=NC=CC=N2)=N1,CN(C(=O)CCNC(=O)O)c1ccccc1,0.5102040816326531
CC1=CC(Cl)=CC(CNC(=O)C2=CC(CCC(=O)O)=CC=C2)=C1,O=C(O)CCc1cccc(C(=O)NO)c1,0.5531914893617021
CC1=CC(NC(=O)C2=CC(CCC(=O)O)=CC=C2)=CNC1=O,O=C(O)CCc1cccc(C(=O)NO)c1,0.5416666666666666
CCCC[C@](C)(CO)NC(=O)C1=CC=CC(CCC(=O)O)=C1,O=C(O)CCc1cccc(C(=O)NO)c1,0.5416666666666666
CN(C(=O)CCNC(=O)C1=CC(=O)N2C=CC=CC2=N1)C1=CC=CC=C1,CN(C(=O)CCNC(=O)O)c1ccccc1,0.5098039215686274
CN(C(=O)CCNC(=O)C1=CC=C(CCN)S1)C1=CC=CC=C1,CN(C(=O)CCNC(=O)O)c1ccccc1,0.5531914893617021
CN(C(=O)CCNC(=O)C1=CNN(C)C1=O)C1=CC=CC=C1,CN(C(=O)CCNC(=O)O)c1ccccc1,0.5652173913043478
CN(C(=O)CCNC(=O)C1=NN=C(O)C(Br)=C1O)C1=CC=CC=C1,CN(C(=O)CCNC(=O)O)c1ccccc1,0.5531914893617021
CN(C(=O)CCNC(=O)CC1CC(=O)C2=CC=CC=C2C1)C1=CC=CC=C1,CN(C(=O)CCNC(=O)O)c1ccccc1,0.5306122448979592
CN(C(=O)CCNC(=O)NC1=CN(C)N=C1O)C1=CC=CC=C1,CN(C(=O)CCNC(=O)O)c1ccccc1,0.5531914893617021
CN(C(=O)CCNC(=O)NC1=CSC2=C1CCCC2)C1=CC=CC=C1,CN(C(=O)CCNC(=O)O)c1ccccc1,0.5098039215686274
CN(C(=O)CCNC(=O)[C@@H]1COC[C@H]1N)C1=CC=CC=C1,CN(C(=O)CCNC(=O)O)c1ccccc1,0.5652173913043478
CN(C(=O)CCNC(=O)[C@]12CO[C@H](C1)[C@H](N)C2)C1=CC=CC=C1,CN(C(=O)CCNC(=O)O)c1ccccc1,0.5098039215686274
CN(C(=O)CCNC1=NC(C(F)F)=CC=C1Cl)C1=CC=CC=C1,CN(C(=O)CCNC(=O)O)c1ccccc1,0.5102040816326531
CN1CCC(O)(C2(C(=O)NCCC(=O)N(C)C3=CC=CC=C3)CC2)CC1,CN(C(=O)CCNC(=O)O)c1ccccc1,0.5531914893617021
COC1=CC=NC(C(=O)NCCC(=O)N(C)C2=CC=CC=C2)=C1F,CN(C(=O)CCNC(=O)O)c1ccccc1,0.52
COCC1=CC=CC(C(=O)NCCC(=O)N(C)C2=CC=CC=C2)=C1C,CN(C(=O)CCNC(=O)O)c1ccccc1,0.574468085106383
O=C(O)CCC1=CC(C(=O)NC(CO)C2=CC=CO2)=CC=C1,O=C(O)CCc1cccc(C(=O)NO)c1,0.5531914893617021
O=C(O)CCC1=CC(C(=O)NCC(CO)C2=CC=C(Cl)C=C2)=CC=C1,O=C(O)CCc1cccc(C(=O)NO)c1,0.5306122448979592
O=C(O)CCC1=CC=CC(C(=O)NCC2(C(F)(F)F)CCC2)=C1,O=C(O)CCc1cccc(C(=O)NO)c1,0.5416666666666666
O=C(O)CCC1=CC=CC(C(=O)NCC2(O)CCSCC2)=C1,O=C(O)CCc1cccc(C(=O)NO)c1,0.5531914893617021
O=C(O)CCC1=CC=CC(C(=O)NCC2=CC(=O)C(O)=CO2)=C1,O=C(O)CCc1cccc(C(=O)NO)c1,0.5625
O=C(O)CCC1=CC=CC(C(=O)NCC2=CC=C3C=CC=CC3=N2)=C1,O=C(O)CCc1cccc(C(=O)NO)c1,0.5416666666666666
O=C(O)CCC1=CC=CC(C(=O)N[C@@H]2C[C@H]3C[C@@H]2[C@@H](O)C3)=C1,O=C(O)CCc1cccc(C(=O)NO)c1,0.5416666666666666
CN(C)C(=O)COC1=CC=CC(CNC(=O)C2=CC=CC(CCC(=O)O)=C2)=C1,O=C(O)CCc1cccc(C(=O)NO)c1,0.5
COC(=O)C1=NC(C)=C(C)C=C1NC(=O)NCCC(=O)N(C)C1=CC=CC=C1,CN(C(=O)CCNC(=O)O)c1ccccc1,0.5192307692307693
C=C(Br)CC(C)(C)C(=O)NCCC(=O)N(C)C1=CC=CC=C1,CN(C(=O)CCNC(=O)O)c1ccccc1,0.5909090909090909
CC(C)(C)C1=CC=C(CNC(=O)C2=CC(CCC(=O)O)=CC=C2)S1,O=C(O)CCc1cccc(C(=O)NO)c1,0.5306122448979592
CC(C)N1N=CC(F)=C1C(=O)NCCC(=O)N(C)C1=CC=CC=C1,CN(C(=O)CCNC(=O)O)c1ccccc1,0.52
CC(NC(=O)NCCC(=O)N(C)C1=CC=CC=C1)C1=CNN=C1,CN(C(=O)CCNC(=O)O)c1ccccc1,0.52
CC1=C(C2CC2)C(C(=O)NCCC(=O)N(C)C2=CC=CC=C2)=CS1,CN(C(=O)CCNC(=O)O)c1ccccc1,0.5510204081632653
CC1=CC(C(=O)O)=C(C)N1CC(=O)NCCC(=O)N(C)C1=CC=CC=C1,CN(C(=O)CCNC(=O)O)c1ccccc1,0.574468085106383
CC1=CC(C(C)NC(=O)C2=CC(CCC(=O)O)=CC=C2)=C(C)O1,O=C(O)CCc1cccc(C(=O)NO)c1,0.5306122448979592
CC1=CC2=C(NC(=O)C3=CC(CCC(=O)O)=CC=C3)C=CC=C2C=N1,O=C(O)CCc1cccc(C(=O)NO)c1,0.5098039215686274
CC1=CNC(CCC(=O)NCCC(=O)N(C)C2=CC=CC=C2)=N1,CN(C(=O)CCNC(=O)O)c1ccccc1,0.5869565217391305
CC1=NN=C(S(=O)(=O)NCCC(=O)N(C)C2=CC=CC=C2)N1,CN(C(=O)CCNC(=O)O)c1ccccc1,0.5319148936170213
CC1=NON=C1S(=O)(=O)NCCC(=O)N(C)C1=CC=CC=C1,CN(C(=O)CCNC(=O)O)c1ccccc1,0.5434782608695652
CCC(C)C(NC)C(=O)NCCC(=O)N(C)C1=CC=CC=C1,CN(C(=O)CCNC(=O)O)c1ccccc1,0.5909090909090909
CCC(C)CC(CO)NC(=O)C1=CC=CC(CCC(=O)O)=C1,O=C(O)CCc1cccc(C(=O)NO)c1,0.5416666666666666
CCC1=C(C(=O)NCCC(=O)N(C)C2=CC=CC=C2)C(C(F)(F)F)=CO1,CN(C(=O)CCNC(=O)O)c1ccccc1,0.5098039215686274
CN(C(=O)CCNC(=O)C1=CC=C(C2=NNC=N2)N=C1)C1=CC=CC=C1,CN(C(=O)CCNC(=O)O)c1ccccc1,0.5
CN(C(=O)CCNC(=O)CC1=C(C(F)F)N(C)N=C1)C1=CC=CC=C1,CN(C(=O)CCNC(=O)O)c1ccccc1,0.5
CN(C(=O)CCNC(=O)CC1=CC=CC=C1)C1=CC=C(NS(C)(=O)=O)C=C1,CN(C(=O)CCNC(=O)O)c1ccccc1,0.5208333333333334
CN(C(=O)CCNC(=O)N1CC2(C1)OC[C@@H](O)[C@H]2O)C1=CC=CC=C1,CN(C(=O)CCNC(=O)O)c1ccccc1,0.5098039215686274
CN(C(=O)CCNC(=O)NC(C)(C)CN1CCSCC1)C1=CC=CC=C1,CN(C(=O)CCNC(=O)O)c1ccccc1,0.52
CN(C(=O)CCNC(=O)NC12CC(CCC(F)(F)F)(C1)C2)C1=CC=CC=C1,CN(C(=O)CCNC(=O)O)c1ccccc1,0.5098039215686274
CN(C(=O)CCNC(=O)NC1CC12CC2(F)F)C1=CC=CC=C1,CN(C(=O)CCNC(=O)O)c1ccccc1,0.5416666666666666
CN(C(=O)CCNC(=O)NCCC1=CC=CC(C#N)=N1)C1=CC=CC=C1,CN(C(=O)CCNC(=O)O)c1ccccc1,0.52
CN(C(=O)CCNC(=O)NCCC1=CN=C(C2CC2)N=C1)C1=CC=CC=C1,CN(C(=O)CCNC(=O)O)c1ccccc1,0.52
CN(C(=O)CCNC(=O)[C@H]1C[C@H](S(C)(=O)=O)CN1)C1=CC=CC=C1,CN(C(=O)CCNC(=O)O)c1ccccc1,0.52
CN(C(=O)CNC(=O)C1=CC=CC(CCC(=O)O)=C1)C1CCCCC1,O=C(O)CCc1cccc(C(=O)NO)c1,0.5098039215686274
CN(C)C1=CC=CC2=C1CN(C(=O)NCCC(=O)N(C)C1=CC=CC=C1)C2,CN(C(=O)CCNC(=O)O)c1ccccc1,0.52
CN(C)C1=NC2=CC=CC(C(=O)NCCC(=O)N(C)C3=CC=CC=C3)=C2O1,CN(C(=O)CCNC(=O)O)c1ccccc1,0.5098039215686274
COC(=O)[C@@H]1C[C@H](NC(=O)NCCC(=O)N(C)C2=CC=CC=C2)CS1,CN(C(=O)CCNC(=O)O)c1ccccc1,0.5
COC1=CC(C(=O)NCCC(=O)N(C)C2=CC=CC=C2)=C(C)C=C1O,CN(C(=O)CCNC(=O)O)c1ccccc1,0.5625
COCC1=CC(F)=C(C(=O)NCCC(=O)N(C)C2=CC=CC=C2)C(F)=C1,CN(C(=O)CCNC(=O)O)c1ccccc1,0.5416666666666666
CS(=O)(=O)[C@@H]1CC[C@H]1NC(=O)C1=CC(CCC(=O)O)=CC=C1,O=C(O)CCc1cccc(C(=O)NO)c1,0.5416666666666666
CS(=O)C1(CNC(=O)C2=CC=CC(CCC(=O)O)=C2)CC1,O=C(O)CCc1cccc(C(=O)NO)c1,0.5531914893617021
CSC(C)C(N)C(=O)NCCC(=O)N(C)C1=CC=CC=C1,CN(C(=O)CCNC(=O)O)c1ccccc1,0.5909090909090909
CSCC1CCC(NC(=O)C2=CC=CC(CCC(=O)O)=C2)CC1,O=C(O)CCc1cccc(C(=O)NO)c1,0.5306122448979592
C[C@@H]1[C@@H](CS(=O)(=O)NCCC(=O)N(C)C2=CC=CC=C2)C1(F)F,CN(C(=O)CCNC(=O)O)c1ccccc1,0.5
NC(=O)NCC1=CC=C(NC(=O)N[C@H](CF)C(F)(F)F)C=C1,NC(=O)NCc1ccc(C(F)(F)F)cc1,0.5
O=C(O)CCC1=CC=CC(C(=O)NC2=CC=C(F)C(N3C=CC=C3)=C2)=C1,O=C(O)CCc1cccc(C(=O)NO)c1,0.52
O=C(O)CCC1=CC=CC(C(=O)NC2=CC=C(N3C=CC=CC3=O)C=C2)=C1,O=C(O)CCc1cccc(C(=O)NO)c1,0.5306122448979592
O=C(O)CCC1=CC=CC(C(=O)NC2=CC=C3NC(=O)OC3=C2)=C1,O=C(O)CCc1cccc(C(=O)NO)c1,0.5098039215686274
O=C(O)CCC1=CC=CC(C(=O)NCC2=C(C(F)F)OC=N2)=C1,O=C(O)CCc1cccc(C(=O)NO)c1,0.5
O=C(O)CCC1=CC=CC(C2=NSN=C2)=C1,O=C(O)CCc1cccc(-c2ccccc2)c1,0.5897435897435898
O=C(O)[C@@H]1C[C@H](C(=O)O)C[C@H](C(=O)NCC2=CC=C(C(F)(F)F)C=C2)C1,NC(=O)NCc1ccc(C(F)(F)F)cc1,0.55
CC(O)C12CCC(CC1)N2C(=O)NCCC(=O)N(C)C1=CC=CC=C1,CN(C(=O)CCNC(=O)O)c1ccccc1,0.5098039215686274
CC1=CC(Cl)=CC2=C1C=C(C(=O)NCCC(=O)N(C)C1=CC=CC=C1)N2,CN(C(=O)CCNC(=O)O)c1ccccc1,0.5294117647058824
CC1=NNC2=CC(C(=O)NCCC(=O)N(C)C3=CC=CC=C3)=NC=C12,CN(C(=O)CCNC(=O)O)c1ccccc1,0.5192307692307693
CCC(O)[C@@H]1CCCN1C(=O)NCCC(=O)N(C)C1=CC=CC=C1,CN(C(=O)CCNC(=O)O)c1ccccc1,0.5
CN(C(=O)CCNC(=O)C(O)(CN)C1=CC=C(Cl)S1)C1=CC=CC=C1,CN(C(=O)CCNC(=O)O)c1ccccc1,0.5098039215686274
CN(C(=O)CCNC(=O)C1=CC(C2CCC2)=NO1)C1=CC=CC=C1,CN(C(=O)CCNC(=O)O)c1ccccc1,0.5
CN(C(=O)CCNC(=O)NC1=NC(C(F)(F)F)=CN1C)C1=CC=CC=C1,CN(C(=O)CCNC(=O)O)c1ccccc1,0.5
CN1CCN(CCNC(=O)C2=CC=CC(CCC(=O)O)=C2)CC1=O,O=C(O)CCc1cccc(C(=O)NO)c1,0.5
O=C(O)CCC1=CC(C(=O)NCC(O)C2CCOC2)=CC=C1,O=C(O)CCc1cccc(C(=O)NO)c1,0.5
O=C(O)CCC1=CC=CC(C(=O)NCC2CCN2C2CCCCC2)=C1,O=C(O)CCc1cccc(C(=O)NO)c1,0.5
CC(C)CC1=NC=CC(C(=O)NCCC(=O)N(C)C2=CC=CC=C2)=N1,CN(C(=O)CCNC(=O)O)c1ccccc1,0.52
CC1=CC=C(C2(C(=O)NCCC(=O)N(C)C3=CC=CC=C3)CC2)C=N1,CN(C(=O)CCNC(=O)O)c1ccccc1,0.5510204081632653
CC1=NN(CC(=O)NCCC(=O)N(C)C2=CC=CC=C2)C=C1N,CN(C(=O)CCNC(=O)O)c1ccccc1,0.5625
CC1=NN(CC(=O)NCCC(=O)N(C)C2=CC=CC=C2)N=N1,CN(C(=O)CCNC(=O)O)c1ccccc1,0.5869565217391305
CN(C(=O)CCNC(=O)C1(C)CC2(CCC2)C1)C1=CC=CC=C1,CN(C(=O)CCNC(=O)O)c1ccccc1,0.5777777777777777
CN(C(=O)CCNC(=O)C1(C)COC(C)(C)CO1)C1=CC=CC=C1,CN(C(=O)CCNC(=O)O)c1ccccc1,0.5909090909090909
CN(C(=O)CCNC(=O)C1(CF)CC1(F)F)C1=CC=CC=C1,CN(C(=O)CCNC(=O)O)c1ccccc1,0.5909090909090909
CN(C(=O)CCNC(=O)C12CCCC(C(=O)O)(COC1)C2)C1=CC=CC=C1,CN(C(=O)CCNC(=O)O)c1ccccc1,0.52
CN(C(=O)CCNC(=O)C1=CC(O)=CC(Cl)=C1Cl)C1=CC=CC=C1,CN(C(=O)CCNC(=O)O)c1ccccc1,0.5652173913043478
CN(C(=O)CCNC(=O)C1CC[C@@H]2CCN[C@@H]2C1)C1=CC=CC=C1,CN(C(=O)CCNC(=O)O)c1ccccc1,0.5098039215686274
CN(C(=O)CCNC(=O)CC1=CC2=NON=C2C=C1)C1=CC=CC=C1,CN(C(=O)CCNC(=O)O)c1ccccc1,0.5416666666666666
CN(C(=O)CCNC(=O)CC1=CC=CN=N1)C1=CC=CC=C1,CN(C(=O)CCNC(=O)O)c1ccccc1,0.5777777777777777
CN(C(=O)CCNC(=O)N1CC(=CBr)C1)C1=CC=CC=C1,CN(C(=O)CCNC(=O)O)c1ccccc1,0.5777777777777777
CN(C(=O)CCNC(=O)NC1(C)CCCCC1(F)F)C1=CC=CC=C1,CN(C(=O)CCNC(=O)O)c1ccccc1,0.5416666666666666
CN(C(=O)CCNC(=O)NC1=C(C#N)C=CC=C1F)C1=CC=CC=C1,CN(C(=O)CCNC(=O)O)c1ccccc1,0.52
CN(C(=O)CCNC(=O)[C@H](COC(C)(C)C)N(C)C)C1=CC=CC=C1,CN(C(=O)CCNC(=O)O)c1ccccc1,0.5652173913043478
CN(C(=O)CCNS(=O)(=O)C1=CSC=C1F)C1=CC=CC=C1,CN(C(=O)CCNC(=O)O)c1ccccc1,0.5
CN(C(=O)CSCC(=O)NCCC(=O)N(C)C1CC1)C1=CC=CC=C1,CN(C(=O)CCNC(=O)O)c1ccccc1,0.5208333333333334
CN(CC(=O)NCC1=CC=CC=C1)C(=O)C1=CC=CC(CCC(=O)O)=C1,O=C(O)CCc1cccc(C(=O)NO)c1,0.5
CNC1(C(=O)NCCC(=O)N(C)C2=CC=CC=C2)CCOCC1,CN(C(=O)CCNC(=O)O)c1ccccc1,0.5652173913043478
COC(=O)[C@@H]1[C@@H](C(=O)NCCC(=O)N(C)C2=CC=CC=C2)C1(F)F,CN(C(=O)CCNC(=O)O)c1ccccc1,0.5652173913043478
COCC(C)(O)CC(=O)NCCC(=O)N(C)C1=CC=CC=C1,CN(C(=O)CCNC(=O)O)c1ccccc1,0.5777777777777777
COCC(CC(C)C)C(=O)NCCC(=O)N(C)C1=CC=CC=C1,CN(C(=O)CCNC(=O)O)c1ccccc1,0.5652173913043478
CS(=O)C1=CC=CC(NC(=O)C2=CC(CCC(=O)O)=CC=C2)=C1,O=C(O)CCc1cccc(C(=O)NO)c1,0.5652173913043478
NC(C(=O)NCC1=CC=C(CC2CC2)C=C1)C1=CC=C(C(F)(F)F)C=C1,NC(=O)NCc1ccc(C(F)(F)F)cc1,0.5111111111111111
O=C(O)CCC1=CC=CC(C(=O)NC(CC(F)F)C2=CC=CC=C2)=C1,O=C(O)CCc1cccc(C(=O)NO)c1,0.5652173913043478
O=C(O)CCC1=CC=CC(C(=O)NCC2=C(F)C=C(C(F)(F)F)C=C2F)=C1,O=C(O)CCc1cccc(C(=O)NO)c1,0.5416666666666666
O=C(O)CCC1=CC=CC(C(=O)NCC2=CC(O)=CC=C2Cl)=C1,O=C(O)CCc1cccc(C(=O)NO)c1,0.5531914893617021
CC1=COC(NCCC(=O)N(C)C2=CC=CC=C2)=N1,CN(C(=O)CCNC(=O)O)c1ccccc1,0.5681818181818182
CCC(CC)(CNC(=O)C1=CC=CC(CCC(=O)O)=C1)SC,O=C(O)CCc1cccc(C(=O)NO)c1,0.5652173913043478
CCC(O)C(C)(C)C(=O)NCCC(=O)N(C)C1=CC=CC=C1,CN(C(=O)CCNC(=O)O)c1ccccc1,0.6046511627906976
CC1=CC=CC(C2=NC=CC(NC(=O)NCCC(=O)N(C)C3=CC=CC=C3)=N2)=N1,CN(C(=O)CCNC(=O)O)c1ccccc1,0.5
CCOC(=O)C1CC12CCN(C(=O)NCCC(=O)N(C)C1=CC=CC=C1)CC2,CN(C(=O)CCNC(=O)O)c1ccccc1,0.5
CN(C(=O)CCNC(=O)C1(F)CNCC1C1CC1)C1=CC=CC=C1,CN(C(=O)CCNC(=O)O)c1ccccc1,0.5
CN(C(=O)CCNC(=O)N[C@H]1CC(=O)N(C)[C@@H]1C1=CC=CC=C1)C1=CC=CC=C1,CN(C(=O)CCNC(=O)O)c1ccccc1,0.5
CC(C)C[C@@H]1C[C@H]1NC(=O)C1=CC=CC(CCC(=O)O)=C1,O=C(O)CCc1cccc(C(=O)NO)c1,0.5416666666666666
CC(CCC1=CC=CC=N1)NC(=O)NCCC(=O)N(C)C1=CC=CC=C1,CN(C(=O)CCNC(=O)O)c1ccccc1,0.5098039215686274
CC(CSC1=CC=CC=C1)NC(=O)C1=CC=CC(CCC(=O)O)=C1,O=C(O)CCc1cccc(C(=O)NO)c1,0.5652173913043478
CC1=C(C)N=C(C(=O)NCCC(=O)N(C)C2=CC=CC=C2)C(N)=C1,CN(C(=O)CCNC(=O)O)c1ccccc1,0.6086956521739131
CC1=CC=C(C(F)(F)C(=O)NCCC(=O)N(C)C2=CC=CC=C2)N=C1,CN(C(=O)CCNC(=O)O)c1ccccc1,0.5625
CC1=CC=C(NC(=O)C2=CC(CCC(=O)O)=CC=C2)C(N(C)C)=N1,O=C(O)CCc1cccc(C(=O)NO)c1,0.52
CC1=CC=C2SC=C(C(=O)NCCC(=O)N(C)C3=CC=CC=C3)C2=C1,CN(C(=O)CCNC(=O)O)c1ccccc1,0.5510204081632653
CC1=NN=C2C(NC(=O)NCCC(=O)N(C)C3=CC=CC=C3)=CC=CN12,CN(C(=O)CCNC(=O)O)c1ccccc1,0.54
CC1=NOC(C(C)NC(=O)NCCC(=O)N(C)C2=CC=CC=C2)=C1,CN(C(=O)CCNC(=O)O)c1ccccc1,0.5510204081632653
CC1OCCC1CC(=O)NCCC(=O)N(C)C1=CC=CC=C1,CN(C(=O)CCNC(=O)O)c1ccccc1,0.5416666666666666
CCC(CCC(=O)OC)NC(=O)NCCC(=O)N(C)C1=CC=CC=C1,CN(C(=O)CCNC(=O)O)c1ccccc1,0.5416666666666666
CCN(CC)CC(O)CNC(=O)C1=CC=CC(CCC(=O)O)=C1,O=C(O)CCc1cccc(C(=O)NO)c1,0.5416666666666666
CN(C(=O)CCNC(=O)C1(C2=CC=C(O)C=C2)CCCCC1)C1=CC=CC=C1,CN(C(=O)CCNC(=O)O)c1ccccc1,0.5416666666666666
CN(C(=O)CCNC(=O)C1=CC(C(C)(C)N)=NN1)C1=CC=CC=C1,CN(C(=O)CCNC(=O)O)c1ccccc1,0.52
CN(C(=O)CCNC(=O)C1=NC=CC2=C1N=NN2)C1=CC=CC=C1,CN(C(=O)CCNC(=O)O)c1ccccc1,0.5098039215686274
CN(C(=O)CCNC(=O)C1CC12CCC1(CC2)OCCO1)C1=CC=CC=C1,CN(C(=O)CCNC(=O)O)c1ccccc1,0.52
CN(C(=O)CCNC(=O)C1CC2(CC(=O)C2)C1(C)C)C1=CC=CC=C1,CN(C(=O)CCNC(=O)O)c1ccccc1,0.5306122448979592
CN(C(=O)CCNC(=O)C1CC2CCC1CNC2)C1=CC=CC=C1,CN(C(=O)CCNC(=O)O)c1ccccc1,0.5510204081632653
CN(C(=O)CCNC(=O)C1COC2(CCC2)CO1)C1=CC=CC=C1,CN(C(=O)CCNC(=O)O)c1ccccc1,0.5
CN(C(=O)CCNC(=O)CN1N=NC(=O)N1)C1=CC=CC=C1,CN(C(=O)CCNC(=O)O)c1ccccc1,0.5652173913043478
CN(C(=O)CCNC(=O)CNC(=O)C1=NC=CC=C1O)C1=CC=CC=C1,CN(C(=O)CCNC(=O)O)c1ccccc1,0.5306122448979592
CN(C(=O)CCNC(=O)N1CC(CS(C)=O)C1)C1=CC=CC=C1,CN(C(=O)CCNC(=O)O)c1ccccc1,0.5416666666666666
CN(C(=O)CCNC(=O)N1CC2(CCC2)C12CCC2)C1=CC=CC=C1,CN(C(=O)CCNC(=O)O)c1ccccc1,0.5416666666666666
CN(C(=O)CCNC(=O)N1CC2(COC(=O)N2)C1)C1=CC=CC=C1,CN(C(=O)CCNC(=O)O)c1ccccc1,0.5
CN(C(=O)CCNC(=O)NC1=CC(C(F)(F)F)=CS1)C1=CC=CC=C1,CN(C(=O)CCNC(=O)O)c1ccccc1,0.52
CN(C(=O)CCNC(=O)NC1=NC(C(F)F)=CC=N1)C1=CC=CC=C1,CN(C(=O)CCNC(=O)O)c1ccccc1,0.52
CN(C(=O)CCNC(=O)[C@@]12CC[C@@H](F)[C@@H]1CC2)C1=CC=CC=C1,CN(C(=O)CCNC(=O)O)c1ccccc1,0.5416666666666666
COC1(C#N)CC(C(=O)NCCC(=O)N(C)C2=CC=CC=C2)C1,CN(C(=O)CCNC(=O)O)c1ccccc1,0.52
COCC1(NC(=O)NCCC(=O)N(C)C2=CC=CC=C2)CC(F)(F)C1,CN(C(=O)CCNC(=O)O)c1ccccc1,0.52
CS(C)(=O)=NC1=CC=CC(NC(=O)C2=CC(CCC(=O)O)=CC=C2)=C1,O=C(O)CCc1cccc(C(=O)NO)c1,0.5306122448979592
O=C(O)CCC1=CC=CC(C(=O)NC2=CC=C3SC=NC3=C2)=C1,O=C(O)CCc1cccc(C(=O)NO)c1,0.52
O=C(O)CCC1=CC=CC(C(=O)NC2=CC=CC=C2C(O)C(F)(F)F)=C1,O=C(O)CCc1cccc(C(=O)NO)c1,0.5306122448979592
O=C(O)CCC1=CC=CC(C(=O)NC2CC3=CC=C(F)C=C3C2)=C1,O=C(O)CCc1cccc(C(=O)NO)c1,0.5306122448979592
O=C(O)CCC1=CC=CC(C(=O)NC2CCCCCCC2(F)F)=C1,O=C(O)CCc1cccc(C(=O)NO)c1,0.5510204081632653
CC(=O)C1=CC(C(=O)NCCC(=O)N(C)C2=CC=CC=C2)=CN=C1C,CN(C(=O)CCNC(=O)O)c1ccccc1,0.5625
CCN(CCC(=O)NC)C(=O)C1=CC=CC(CCC(=O)O)=C1,O=C(O)CCc1cccc(C(=O)NO)c1,0.5
CN(C(=O)CCNC(=O)C1=CC=NC(C(C)(C)O)=C1)C1=CC=CC=C1,CN(C(=O)CCNC(=O)O)c1ccccc1,0.5306122448979592
COC(=O)CN(C)S(=O)(=O)NCCC(=O)N(C)C1=CC=CC=C1,CN(C(=O)CCNC(=O)O)c1ccccc1,0.5333333333333333
CC1=CN2CCCC(C(=O)NCCC(=O)N(C)C3=CC=CC=C3)C2=N1,CN(C(=O)CCNC(=O)O)c1ccccc1,0.5
CC(=O)NC[C@H]1C[C@H]2CC[C@@H](C1)N2C(=O)NCCC(=O)N(C)C1=CC=CC=C1,CN(C(=O)CCNC(=O)O)c1ccccc1,0.5098039215686274
CC(C)OCC1=CC=CC=C1NC(=O)C1=CC=CC(CCC(=O)O)=C1,O=C(O)CCc1cccc(C(=O)NO)c1,0.52
CN(C(=O)CCNC(=O)C(N)CC1=CN=CS1)C1=CC=CC=C1,CN(C(=O)CCNC(=O)O)c1ccccc1,0.5098039215686274
CN(C(=O)CCNC(=O)C1=CC2=CC=C(O)N=C2S1)C1=CC=CC=C1,CN(C(=O)CCNC(=O)O)c1ccccc1,0.52
CN(C(=O)CCNC(=O)C1=CC=C(C2=CNN=C2)C=N1)C1=CC=CC=C1,CN(C(=O)CCNC(=O)O)c1ccccc1,0.5
CN(C(=O)CCNC(=O)C1=CN2C=NN=C2C=N1)C1=CC=CC=C1,CN(C(=O)CCNC(=O)O)c1ccccc1,0.5098039215686274
CN(C(=O)CCNC(=O)C1CCC(C2CCCCC2)CN1)C1=CC=CC=C1,CN(C(=O)CCNC(=O)O)c1ccccc1,0.5098039215686274
CN(C(=O)CCNC(=O)COC1=CC=C(C(F)(F)F)N=C1)C1=CC=CC=C1,CN(C(=O)CCNC(=O)O)c1ccccc1,0.5
CN(C(=O)CCNC(=O)N1C[C@@H]2CC(C)(C)[C@@H]2C1)C1=CC=CC=C1,CN(C(=O)CCNC(=O)O)c1ccccc1,0.52
CN(C(=O)CCNC(=O)NC1=CN=C2N=CC=CC2=C1)C1=CC=CC=C1,CN(C(=O)CCNC(=O)O)c1ccccc1,0.5
CN(C(=O)CCNC(=O)NCC(O)C1CCC(F)(F)CC1)C1=CC=CC=C1,CN(C(=O)CCNC(=O)O)c1ccccc1,0.5
CN(C(=O)CCNC(=O)NCC1CCNC(=O)C1)C1=CC=CC=C1,CN(C(=O)CCNC(=O)O)c1ccccc1,0.5098039215686274
CN(C(=O)CCNC(=O)NCCC1(C)COCCO1)C1=CC=CC=C1,CN(C(=O)CCNC(=O)O)c1ccccc1,0.52
CN(C(=O)CCNC(=O)NCCC1=CON=C1Br)C1=CC=CC=C1,CN(C(=O)CCNC(=O)O)c1ccccc1,0.5306122448979592
CN(C(=O)CCNC(=O)[C@@H]1C[C@H]1C1=CNN=C1)C1=CC=CC=C1,CN(C(=O)CCNC(=O)O)c1ccccc1,0.5
O=C(O)CCC1=CC(C(=O)NCC(CO)CC2=COC=C2)=CC=C1,O=C(O)CCc1cccc(C(=O)NO)c1,0.5
O=C(O)CCC1=CC=CC(C(=O)NC2=CC=CC3=C2OC=C3)=C1,O=C(O)CCc1cccc(C(=O)NO)c1,0.5531914893617021
O=C(O)CCC1=CC=CC(C(=O)NC2CC(N3C=NN=C3)C2)=C1,O=C(O)CCc1cccc(C(=O)NO)c1,0.5306122448979592
O=C(O)CCC1=CC=CC(C(=O)NC[C@H]2C[C@@H](C(F)(F)F)C2)=C1,O=C(O)CCc1cccc(C(=O)NO)c1,0.5416666666666666
O=C(O)CCC1=CC=CC(C(=O)N[C@@H]2C[C@H]2C2=CC(F)=CC=C2)=C1,O=C(O)CCc1cccc(C(=O)NO)c1,0.52
CN1N=C(NC(=O)C2=CC(CCC(=O)O)=CC=C2)C=C1Br,O=C(O)CCc1cccc(C(=O)NO)c1,0.574468085106383
COC(=O)C1(SC)CC(NC(=O)NCCC(=O)N(C)C2=CC=CC=C2)C1,CN(C(=O)CCNC(=O)O)c1ccccc1,0.5
COC(=O)[C@H]1CC[C@](F)(CNC(=O)NCCC(=O)N(C)C2=CC=CC=C2)CC1,CN(C(=O)CCNC(=O)O)c1ccccc1,0.5
COC(C)(CNC(=O)C1=CC=CC(CCC(=O)O)=C1)C1CC1,O=C(O)CCc1cccc(C(=O)NO)c1,0.52
COCC1(CCNC(=O)NCCC(=O)N(C)C2=CC=CC=C2)CCOCC1,CN(C(=O)CCNC(=O)O)c1ccccc1,0.5
COCCC12CC(CNC(=O)C3=CC=CC(CCC(=O)O)=C3)(C1)C2,O=C(O)CCc1cccc(C(=O)NO)c1,0.52
CCC(CC(=O)NCCC(=O)N(C)C1=CC=CC=C1)OC,CN(C(=O)CCNC(=O)O)c1ccccc1,0.5909090909090909
CCN[C@H](CC1=CC=CC=C1)C(=O)NCCC(=O)N(C)C1=CC=CC=C1,CN(C(=O)CCNC(=O)O)c1ccccc1,0.5777777777777777
CN(C(=O)CCNC(=O)C1CC(N2CC(O)C2)C1)C1=CC=CC=C1,CN(C(=O)CCNC(=O)O)c1ccccc1,0.5416666666666666
CN(C(=O)CCNC(=O)C1CC2(C1)CC1(CC(N)C1)C2)C1=CC=CC=C1,CN(C(=O)CCNC(=O)O)c1ccccc1,0.5416666666666666
CN(C(=O)CCNC(=O)C1CC2CS(=O)(=O)CC(C1)C2=O)C1=CC=CC=C1,CN(C(=O)CCNC(=O)O)c1ccccc1,0.5306122448979592
CN(C(=O)CCNC(=O)NCC1(C2CCC2)CC1)C1=CC=CC=C1,CN(C(=O)CCNC(=O)O)c1ccccc1,0.5531914893617021
CN(C(=O)CCNC1=NC(=O)N(C)C=C1)C1=CC=CC=C1,CN(C(=O)CCNC(=O)O)c1ccccc1,0.5106382978723404
NC1(CC2=CC=CC(C3=CC=C(CCCC(=O)O)C=C3)=C2)CC1,O=C(O)CCc1cccc(-c2ccccc2)c1,0.5
O=C(O)CCC1=CC=CC(C(=O)NC2=C(Cl)SC=C2)=C1,O=C(O)CCc1cccc(C(=O)NO)c1,0.5777777777777777
CC(NC(=O)NCCC(=O)N(C)C1=CC=CC=C1)C1COCCO1,CN(C(=O)CCNC(=O)O)c1ccccc1,0.5098039215686274
CC1=CC(C(=O)NCCC(=O)N(C)C2=CC=CC=C2)=CC2=C1NN=N2,CN(C(=O)CCNC(=O)O)c1ccccc1,0.5294117647058824
CC1=CC(C2(C(=O)NCCC(=O)N(C)C3=CC=CC=C3)CCC2)=NO1,CN(C(=O)CCNC(=O)O)c1ccccc1,0.5192307692307693
CC1=CC=CC2=C1C[C@H](C(=O)NCCC(=O)N(C)C1=CC=CC=C1)NC2,CN(C(=O)CCNC(=O)O)c1ccccc1,0.5192307692307693
CC1=CN2C=C(CNC(=O)C3=CC(CCC(=O)O)=CC=C3)N=C2C=C1,O=C(O)CCc1cccc(C(=O)NO)c1,0.5
CN(C(=O)CCNC(=O)CC1CCNC2(CC2)C1)C1=CC=CC=C1,CN(C(=O)CCNC(=O)O)c1ccccc1,0.5
CN(C(=O)CCNC(=O)NC1=CN(CC#N)C(=O)C=C1)C1=CC=CC=C1,CN(C(=O)CCNC(=O)O)c1ccccc1,0.5
CN1CC[C@H]2[C@H](CCN2C(=O)NCCC(=O)N(C)C2=CC=CC=C2)C1,CN(C(=O)CCNC(=O)O)c1ccccc1,0.5
COC1=NN(C)C(Br)=C1C(=O)NCCC(=O)N(C)C1=CC=CC=C1,CN(C(=O)CCNC(=O)O)c1ccccc1,0.5098039215686274
CS(=O)CC1=CC=C(CNC(=O)C(C)(N)C2=CC=C(C(F)(F)F)C=C2)C=C1,NC(=O)NCc1ccc(C(F)(F)F)cc1,0.5227272727272727
NC(=O)NCC1=CC=C(C(=O)NC2C(C(F)(F)F)C2C(F)(F)F)C=C1,NC(=O)NCc1ccc(C(F)(F)F)cc1,0.5897435897435898
CC(=O)N1CC(C)(NC(=O)C2=CC=CC(CCC(=O)O)=C2)C1,O=C(O)CCc1cccc(C(=O)NO)c1,0.5531914893617021
CC(C)CNC(=O)C(C)NC(=O)C1=CC=CC(CCC(=O)O)=C1,O=C(O)CCc1cccc(C(=O)NO)c1,0.5652173913043478
CC(COC(F)F)NC(=O)NCCC(=O)N(C)C1=CC=CC=C1,CN(C(=O)CCNC(=O)O)c1ccccc1,0.5531914893617021
CC(NC(=O)C1=CC=CC(CCC(=O)O)=C1)C1(C(F)(F)F)CC1,O=C(O)CCc1cccc(C(=O)NO)c1,0.5416666666666666
CC1=CN=C(C)C(NC(=O)NCCC(=O)N(C)C2=CC=CC=C2)=C1,CN(C(=O)CCNC(=O)O)c1ccccc1,0.574468085106383
CC1=NN(C(C)(C)C)C(C)=C1NC(=O)C1=CC=CC(CCC(=O)O)=C1,O=C(O)CCc1cccc(C(=O)NO)c1,0.52
CN(C(=O)CCNC(=O)C(C)(N)CCC1=CC=CC=C1)C1=CC=CC=C1,CN(C(=O)CCNC(=O)O)c1ccccc1,0.5777777777777777
CN(C(=O)CCNC(=O)C12CCC(C1)S(=O)(=O)CC2)C1=CC=CC=C1,CN(C(=O)CCNC(=O)O)c1ccccc1,0.5098039215686274
CN(C(=O)CCNC(=O)C1=CC(Cl)=CC2=C1CCC2)C1=CC=CC=C1,CN(C(=O)CCNC(=O)O)c1ccccc1,0.5098039215686274
CN(C(=O)CCNC(=O)C1=CC=CC2=C1N(C)C(=O)N2C)C1=CC=CC=C1,CN(C(=O)CCNC(=O)O)c1ccccc1,0.5306122448979592
CN(C(=O)CCNC(=O)C1COCCC1(F)F)C1=CC=CC=C1,CN(C(=O)CCNC(=O)O)c1ccccc1,0.52
CN(C(=O)CCNC(=O)CN1C=NC(Br)=N1)C1=CC=CC=C1,CN(C(=O)CCNC(=O)O)c1ccccc1,0.5416666666666666
CN(C(=O)CCNC(=O)[C@@H](N)CC12CC(C1)C2)C1=CC=CC=C1,CN(C(=O)CCNC(=O)O)c1ccccc1,0.5416666666666666
CN(C(=O)CCNC(=O)[C@@H]1C[C@@H]2CC[C@H]1C21CC1)C1=CC=CC=C1,CN(C(=O)CCNC(=O)O)c1ccccc1,0.52
CN(C(=O)CCNC(=O)[C@@H]1NC(=O)[C@H]2CC[C@H]21)C1=CC=CC=C1,CN(C(=O)CCNC(=O)O)c1ccccc1,0.5306122448979592
CN(C)CCCC(C)(C)NC(=O)C1=CC=CC(CCC(=O)O)=C1,O=C(O)CCc1cccc(C(=O)NO)c1,0.5416666666666666
CSC1=C(NC(=O)NCCC(=O)N(C)C2=CC=CC=C2)N(C)N=C1,CN(C(=O)CCNC(=O)O)c1ccccc1,0.5098039215686274
O=C(O)CCC1=CC(C(=O)NC2=CC(CC(F)CO)=CC=C2)=CC=C1,O=C(O)CCc1cccc(C(=O)NO)c1,0.5416666666666666
O=C(O)CCC1=CC=CC(C(=O)NCC2C(F)(F)C23CCC3)=C1,O=C(O)CCc1cccc(C(=O)NO)c1,0.52
CC1=C(C(=O)NCCC(=O)N(C)C2=CC=CC=C2)C=NN1C(C)C(C)(C)O,CN(C(=O)CCNC(=O)O)c1ccccc1,0.5094339622641509
CC1=CN=C(C(O)(CC(=O)NCCC(=O)N(C)C2=CC=CC=C2)C(F)(F)F)O1,CN(C(=O)CCNC(=O)O)c1ccccc1,0.5
CC1=NC2=CC=C(C(=O)NCCC(=O)N(C)C3=CC=CC=C3)C=C2C(=O)N1C,CN(C(=O)CCNC(=O)O)c1ccccc1,0.5094339622641509
CC1=NN(C2=CC=NC(C(=O)NCCC(=O)N(C)C3=CC=CC=C3)=N2)C=C1,CN(C(=O)CCNC(=O)O)c1ccccc1,0.5
CC(NC(=O)C1=CC(CCC(=O)O)=CC=C1)C1=CC=C(Cl)S1,O=C(O)CCc1cccc(C(=O)NO)c1,0.5306122448979592
CCC1=C(C(=O)NCCC(=O)N(C)C2=CC=CC=C2)SCCO1,CN(C(=O)CCNC(=O)O)c1ccccc1,0.5306122448979592
CCC1=NC(C)=C(NC(=O)C2=CC=CC(CCC(=O)O)=C2)S1,O=C(O)CCc1cccc(C(=O)NO)c1,0.52
CCCCC1=C(C(=O)NCCC(=O)N(C)C2=CC=CC=C2)N=CO1,CN(C(=O)CCNC(=O)O)c1ccccc1,0.52
CCN1N=C(Br)C(C(=O)NCCC(=O)N(C)C2=CC=CC=C2)=N1,CN(C(=O)CCNC(=O)O)c1ccccc1,0.5416666666666666
CCOC(=O)N1CC(NC(=O)C2=CC=CC(CCC(=O)O)=C2)C1,O=C(O)CCc1cccc(C(=O)NO)c1,0.52
CN(C(=O)CCNC(=O)C(F)(F)C1=NC=CC=C1F)C1=CC=CC=C1,CN(C(=O)CCNC(=O)O)c1ccccc1,0.5306122448979592
CN(C(=O)CCNC(=O)C(F)(F)C1CCC(=O)C1)C1=CC=CC=C1,CN(C(=O)CCNC(=O)O)c1ccccc1,0.5306122448979592
CN(C(=O)CCNC(=O)C(O)CCS(C)=O)C1=CC=CC=C1,CN(C(=O)CCNC(=O)O)c1ccccc1,0.5777777777777777
CN(C(=O)CCNC(=O)C12COC(CF)(C1)C2)C1=CC=CC=C1,CN(C(=O)CCNC(=O)O)c1ccccc1,0.5306122448979592
CN(C(=O)CCNC(=O)C1=C(F)C(C(N)=O)=CC=C1)C1=CC=CC=C1,CN(C(=O)CCNC(=O)O)c1ccccc1,0.5777777777777777
CN(C(=O)CCNC(=O)C1=CN=C(C2(N)CCC2)N=C1)C1=CC=CC=C1,CN(C(=O)CCNC(=O)O)c1ccccc1,0.52
CN(C(=O)CCNC(=O)C1=NC(O)=C(Cl)C(N)=C1)C1=CC=CC=C1,CN(C(=O)CCNC(=O)O)c1ccccc1,0.52
CN(C(=O)CCNC(=O)CSC1CCCCO1)C1=CC=CC=C1,CN(C(=O)CCNC(=O)O)c1ccccc1,0.5098039215686274
CN(C(=O)CCNC(=O)N(CC1CCOCC1)C1COC1)C1=CC=CC=C1,CN(C(=O)CCNC(=O)O)c1ccccc1,0.5
CN(C(=O)CCNC(=O)N1CC(C(=O)NC2CC2)C1)C1=CC=CC=C1,CN(C(=O)CCNC(=O)O)c1ccccc1,0.5306122448979592
CN(C(=O)CCNC(=O)N1CCOCCN1)C1=CC=CC=C1,CN(C(=O)CCNC(=O)O)c1ccccc1,0.5306122448979592
CN(C(=O)CCNC(=O)NC(C)(C)C1CCS(=O)(=O)CC1)C1=CC=CC=C1,CN(C(=O)CCNC(=O)O)c1ccccc1,0.5306122448979592
CN(C(=O)CCNC(=O)NC1=CC=CN(CCF)C1=O)C1=CC=CC=C1,CN(C(=O)CCNC(=O)O)c1ccccc1,0.5
CN(C(=O)CCNC(=O)NC1=NC(C(F)F)=NS1)C1=CC=CC=C1,CN(C(=O)CCNC(=O)O)c1ccccc1,0.5098039215686274
CN(C(=O)CCNC(=O)NCCC1COC(C)(C)C1)C1=CC=CC=C1,CN(C(=O)CCNC(=O)O)c1ccccc1,0.5306122448979592
CN(C(=O)CCNC(=O)[C@H]1C[C@@H](C(F)(F)F)[C@@H]1N)C1=CC=CC=C1,CN(C(=O)CCNC(=O)O)c1ccccc1,0.5416666666666666
CC1=C(CNC(=O)NCCC(=O)N(C)C2=CC=CC=C2)SC(C(F)(F)F)=C1,CN(C(=O)CCNC(=O)O)c1ccccc1,0.5294117647058824
CC1=C(CNC(=O)NCCC(=O)N(C)C2=CC=CC=C2)SCCO1,CN(C(=O)CCNC(=O)O)c1ccccc1,0.54
CC1=C(NC(=O)C2=CC(CCC(=O)O)=CC=C2)N2C=CC=CC2=N1,O=C(O)CCc1cccc(C(=O)NO)c1,0.5098039215686274
CC1=CC(C(=O)O)=CC=C1CC(=O)NCCC(=O)N(C)C1=CC=CC=C1,CN(C(=O)CCNC(=O)O)c1ccccc1,0.5869565217391305
CC1=CC(CNC(=O)C2=CC(CCC(=O)O)=CC=C2)=C2C=CC=CC2=N1,O=C(O)CCc1cccc(C(=O)NO)c1,0.52
CC1=CC(CNC(=O)C2=CC(CCC(=O)O)=CC=C2)=NC=C1Br,O=C(O)CCc1cccc(C(=O)NO)c1,0.54
CC1=CC2=C(C(=O)NCCC(=O)N(C)C3=CC=CC=C3)C=CC(C)=C2N1,CN(C(=O)CCNC(=O)O)c1ccccc1,0.5510204081632653
CC1=CC=C(C2(F)CN(C(=O)NCCC(=O)N(C)C3=CC=CC=C3)C2)C=C1,CN(C(=O)CCNC(=O)O)c1ccccc1,0.5510204081632653
CC1=CC=C2C(=C1)C=C(NC(=O)NCCC(=O)N(C)C1=CC=CC=C1)N2C,CN(C(=O)CCNC(=O)O)c1ccccc1,0.5294117647058824
CC1=CN=C(C2(NC(=O)NCCC(=O)N(C)C3=CC=CC=C3)CC2)O1,CN(C(=O)CCNC(=O)O)c1ccccc1,0.5294117647058824
CC1=NC(NC(=O)NCCC(=O)N(C)C2=CC=CC=C2)=CC=C1C(F)F,CN(C(=O)CCNC(=O)O)c1ccccc1,0.5714285714285714
CC1=NC=C(Cl)C=C1NC(=O)C1=CC(CCC(=O)O)=CC=C1,O=C(O)CCc1cccc(C(=O)NO)c1,0.5306122448979592
CC1=NN=C(CCC(=O)NCCC(=O)N(C)C2=CC=CC=C2)N1C,CN(C(=O)CCNC(=O)O)c1ccccc1,0.5869565217391305
CC1CC(NC(=O)C2=CC(CCC(=O)O)=CC=C2)CCS1,O=C(O)CCc1cccc(C(=O)NO)c1,0.52
CN1CCC(CNC(=O)C2=CC=CC(CCC(=O)O)=C2)(N(C)C)CC1,O=C(O)CCc1cccc(C(=O)NO)c1,0.52
COC1=NC=C(NC(=O)C2=CC(CCC(=O)O)=CC=C2)C=C1Br,O=C(O)CCc1cccc(C(=O)NO)c1,0.5294117647058824
COC1C(C)(C)CN(C(=O)NCCC(=O)N(C)C2=CC=CC=C2)C1(C)C,CN(C(=O)CCNC(=O)O)c1ccccc1,0.52
O=C(NCC1=CC=C(C(F)(F)F)C=C1)NC1(CCF)CC1,NC(=O)NCc1ccc(C(F)(F)F)cc1,0.5238095238095238
O=C(O)CCC1=CC=CC(C(=O)NC2=CC=C(C3=CNN=C3)C=C2)=C1,O=C(O)CCc1cccc(C(=O)NO)c1,0.52
O=C(O)CCC1=CC=CC(C(=O)NCC2(CF)COC2)=C1,O=C(O)CCc1cccc(C(=O)NO)c1,0.5531914893617021
O=C(O)CCC1=CC=CC(C(=O)NCC2(O)CC3CCC2CC3)=C1,O=C(O)CCc1cccc(C(=O)NO)c1,0.52
O=C(O)CCC1=CC=CC(C(=O)NCCC(O)(C2=CC=CC=C2)C(F)(F)F)=C1,O=C(O)CCc1cccc(C(=O)NO)c1,0.5306122448979592
CC(NC(=O)C1=CC(CCC(=O)O)=CC=C1)C1=NC=C(Cl)C=C1Cl,O=C(O)CCc1cccc(C(=O)NO)c1,0.5
CC1=CC=CC=C1N1N=C(C)C(C(=O)NCCC(=O)N(C)C2=CC=CC=C2)=C1C,CN(C(=O)CCNC(=O)O)c1ccccc1,0.54
CC1=NC([C@H]2[C@@H](C(=O)NCCC(=O)N(C)C3=CC=CC=C3)C2(C)C)=NN1,CN(C(=O)CCNC(=O)O)c1ccccc1,0.5094339622641509
CC1=NN(C2=CC=CC=C2)C=C1NC(=O)C1=CC(CCC(=O)O)=CC=C1,O=C(O)CCc1cccc(C(=O)NO)c1,0.5098039215686274
CC1=NOC(C2=CC=CC(NC(=O)C3=CC(CCC(=O)O)=CC=C3)=C2)=N1,O=C(O)CCc1cccc(C(=O)NO)c1,0.5094339622641509
CCC1=NOC(CCNC(=O)NCCC(=O)N(C)C2=CC=CC=C2)=C1,CN(C(=O)CCNC(=O)O)c1ccccc1,0.52
CCC1CCC2(CC1)CCN2C(=O)NCCC(=O)N(C)C1=CC=CC=C1,CN(C(=O)CCNC(=O)O)c1ccccc1,0.5
CCOC1=CC=CC([C@H](C)NC(=O)C2=CC=CC(CCC(=O)O)=C2)=C1,O=C(O)CCc1cccc(C(=O)NO)c1,0.5098039215686274
CN(C(=O)CCNC(=O)C1(CC2CC2)CCCO1)C1=CC=CC=C1,CN(C(=O)CCNC(=O)O)c1ccccc1,0.5
CN(C(=O)CCNC(=O)C1=CN2N=C(Cl)N=C2C=C1)C1=CC=CC=C1,CN(C(=O)CCNC(=O)O)c1ccccc1,0.5
CN(C(=O)CCNC(=O)N1CCC[C@H]1CC#N)C1=CC=CC=C1,CN(C(=O)CCNC(=O)O)c1ccccc1,0.5
CN(C(=O)CCNC(=O)NC[C@@H]1CCC[C@H](CF)C1)C1=CC=CC=C1,CN(C(=O)CCNC(=O)O)c1ccccc1,0.52
CN(C(=O)CCNC(=O)[C@]12COC[C@H]1C2(F)F)C1=CC=CC=C1,CN(C(=O)CCNC(=O)O)c1ccccc1,0.52
CN1CCC(C(C)(O)CNC(=O)NCCC(=O)N(C)C2=CC=CC=C2)CC1,CN(C(=O)CCNC(=O)O)c1ccccc1,0.5098039215686274
COC(=O)C1=CC(NC(=O)NCCC(=O)N(C)C2=CC=CC=C2)=CN=N1,CN(C(=O)CCNC(=O)O)c1ccccc1,0.5
COC1=CC(Br)=CC(F)=C1NC(=O)C1=CC(CCC(=O)O)=CC=C1,O=C(O)CCc1cccc(C(=O)NO)c1,0.5294117647058824
COC1=CC=C(C(=O)NCCC(=O)N(C)C2=CC=CC=C2)C=C1OC1CC1,CN(C(=O)CCNC(=O)O)c1ccccc1,0.5
O=C(O)CCC1=CC=CC(C(=O)NC2=CC=C3SCCCC3=C2)=C1,O=C(O)CCc1cccc(C(=O)NO)c1,0.5
O=C(O)CCC1=CC=CC(C(=O)NCC2=NC(C(F)(F)F)=NO2)=C1,O=C(O)CCc1cccc(C(=O)NO)c1,0.5
O=C(O)CCC1=CC=CC(C(=O)N[C@H]2[C@@H]3C[C@@H]([C@@H](O)[C@H]3O)[C@@H]2C2=CC=CC=C2)=C1,O=C(O)CCc1cccc(C(=O)NO)c1,0.52
NC(=O)NCC1=CC=C(C(=O)N[C@@H](CO)CC(F)(F)F)C=C1,NC(=O)NCc1ccc(C(F)(F)F)cc1,0.5348837209302325
O=C(O)CC1=CC=CC(CNCC2=CN=CC=N2)=C1,O=C(O)Cc1cnccn1,0.525
CC1=CN=NC=C1C(=O)NCCC(=O)N(C)C1=CC=CC=C1,CN(C(=O)CCNC(=O)O)c1ccccc1,0.6428571428571429
CCC(CC)(CCC(=O)O)NC(=O)C1=CC=CC(CCO)=C1,O=C(O)CCc1cccc(C(=O)NO)c1,0.5217391304347826
CCCN(CCNC(=O)NCCC(=O)N(C)C1=CC=CC=C1)C(C)C,CN(C(=O)CCNC(=O)O)c1ccccc1,0.5777777777777777
CN(C(=O)CCNC(=O)C(N)C(C)(F)F)C1=CC=CC=C1,CN(C(=O)CCNC(=O)O)c1ccccc1,0.6046511627906976
CN(C(=O)CCNC(=O)NC1C(C)(C)C(O)C1(C)C)C1=CC=CC=C1,CN(C(=O)CCNC(=O)O)c1ccccc1,0.5909090909090909
COC(=O)C1(CC(=O)NCCC(=O)N(C)C2=CC=CC=C2)CCCC1,CN(C(=O)CCNC(=O)O)c1ccccc1,0.5531914893617021
CC1=NN2C=C(C(=O)NCCC(=O)N(C)C3=CC=CC=C3)C=C(C)C2=N1,CN(C(=O)CCNC(=O)O)c1ccccc1,0.5192307692307693
CN(C(=O)CCNC(=O)C1SCC2=CC=CN=C21)C1=CC=CC=C1,CN(C(=O)CCNC(=O)O)c1ccccc1,0.5
CN(C(=O)CCNC(=O)NC1=CC=CC2=C1CCS2(=O)=O)C1=CC=CC=C1,CN(C(=O)CCNC(=O)O)c1ccccc1,0.5
O=C(O)CCC1=CC=CC(C(=O)NC2=CC=CC3=C2C2CCC3O2)=C1,O=C(O)CCc1cccc(C(=O)NO)c1,0.5098039215686274
O=C(O)CCC1=CC=CC(C(=O)NCCN2CCOC2=O)=C1,O=C(O)CCc1cccc(C(=O)NO)c1,0.5098039215686274
CC(C)(CO)C1=CC=C(NC(=O)C2=CC=CC(CCC(=O)O)=C2)C=C1,O=C(O)CCc1cccc(C(=O)NO)c1,0.5531914893617021
CC1(C)CN(C(=O)C2=CC(CCC(=O)O)=CC=C2)C1(C)C,O=C(O)CCc1cccc(C(=O)NO)c1,0.5
O=C(O)CC1=CC(C(=O)NCC2=CN=CC=N2)=NO1,O=C(O)Cc1cnccn1,0.5
O=C(O)CCC1=CC=CC(C(=O)NC2(C(=O)C3=CC=C(F)C=C3)CC2)=C1,O=C(O)CCc1cccc(C(=O)NO)c1,0.5416666666666666
O=C(O)CCC1=CC=CC(C(=O)NC2=CC(CO)=CC=C2Br)=C1,O=C(O)CCc1cccc(C(=O)NO)c1,0.6
O=C(O)CCCC1=CC=CC(C2=CNN=C2)=C1,O=C(O)CCc1cccc(-c2ccccc2)c1,0.5365853658536586
CC1=C(NC(=O)C2=CC=CC(CCC(=O)O)=C2)C(CO)=CS1,O=C(O)CCc1cccc(C(=O)NO)c1,0.5306122448979592
CC1=CC=C2C(C(=O)NCCC(=O)N(C)C3=CC=CC=C3)=COC2=C1,CN(C(=O)CCNC(=O)O)c1ccccc1,0.5510204081632653
COCC1=C(C)C=CC=C1NC(=O)C1=CC=CC(CCC(=O)O)=C1,O=C(O)CCc1cccc(C(=O)NO)c1,0.5306122448979592
CN(C(=O)CCNC(=O)C1(N)CCC12CCC2)C1=CC=CC=C1,CN(C(=O)CCNC(=O)O)c1ccccc1,0.5652173913043478
CN(C(=O)CCNC(=O)C12CC(CC(F)(F)F)(C1)C2)C1=CC=CC=C1,CN(C(=O)CCNC(=O)O)c1ccccc1,0.5531914893617021
CN(C(=O)CCNC(=O)C1=C(N)C=C(Cl)S1)C1=CC=CC=C1,CN(C(=O)CCNC(=O)O)c1ccccc1,0.5531914893617021
CN(C(=O)CCNC(=O)C1CC2COCC(C1)C2(F)F)C1=CC=CC=C1,CN(C(=O)CCNC(=O)O)c1ccccc1,0.52
CN(C(=O)CCNC(=O)CO[C@@H]1CCOC1)C1=CC=CC=C1,CN(C(=O)CCNC(=O)O)c1ccccc1,0.52
CN(C(=O)CCNC(=O)N(C)C(CCO)C(F)F)C1=CC=CC=C1,CN(C(=O)CCNC(=O)O)c1ccccc1,0.5652173913043478
CN(C(=O)CCNC(=O)NC1CC(CC(F)(F)F)C1)C1=CC=CC=C1,CN(C(=O)CCNC(=O)O)c1ccccc1,0.5306122448979592
CN(C(=O)CCNC(=O)N[C@@H]1C[C@H](O)C2=CC=CC=C21)C1=CC=CC=C1,CN(C(=O)CCNC(=O)O)c1ccccc1,0.5652173913043478
CN(C(=O)CCNC(=O)N[C@H]1[C@@H]2CC[C@@H](C2)[C@H]1CO)C1=CC=CC=C1,CN(C(=O)CCNC(=O)O)c1ccccc1,0.5416666666666666
CN(C(=O)CCNC(=O)[C@H]1C[C@](O)(C2=CC=NC=C2)C1)C1=CC=CC=C1,CN(C(=O)CCNC(=O)O)c1ccccc1,0.52
CC1=C(C(C)NC(=O)C2=CC=CC(CCC(=O)O)=C2)SN=N1,O=C(O)CCc1cccc(C(=O)NO)c1,0.5098039215686274
CC1=CC(NC(=O)NCCC(=O)N(C)C2=CC=CC=C2)=CC(C(N)=O)=C1,CN(C(=O)CCNC(=O)O)c1ccccc1,0.5625
CC1=CC=C(C(O)C(C)NC(=O)C2=CC=CC(CCC(=O)O)=C2)C=C1,O=C(O)CCc1cccc(C(=O)NO)c1,0.5416666666666666
CC1=CC=C(C(O)CNC(=O)C2=CC=CC(CCC(=O)O)=C2)O1,O=C(O)CCc1cccc(C(=O)NO)c1,0.5306122448979592
CC1=CC=C2C(NCCC(=O)N(C)C3=CC=CC=C3)=NC=CC2=N1,CN(C(=O)CCNC(=O)O)c1ccccc1,0.5102040816326531
CC1=CON=C1CNC(=O)C1=CC(CCC(=O)O)=CC=C1,O=C(O)CCc1cccc(C(=O)NO)c1,0.5306122448979592
CC1=CSC(CCNC(=O)NCCC(=O)N(C)C2=CC=CC=C2)=C1,CN(C(=O)CCNC(=O)O)c1ccccc1,0.5869565217391305
CC1=NOC(CCNC(=O)C2=CC=CC(CCC(=O)O)=C2)=C1,O=C(O)CCc1cccc(C(=O)NO)c1,0.5416666666666666
CC1=CC(CNC(N)=O)=CC=C1CO,NC(=O)NCc1ccc(CNC=O)c(O)c1,0.5238095238095238
CC(=O)C1=C(C)OC(C(=O)NCCC(=O)N(C)C2=CC=CC=C2)=C1,CN(C(=O)CCNC(=O)O)c1ccccc1,0.5869565217391305
CC(C(=O)NCCC(=O)N(C)C1=CC=CC=C1)C1=NC=CS1,CN(C(=O)CCNC(=O)O)c1ccccc1,0.5416666666666666
CCN1C=C(Br)C(NC(=O)C2=CC=CC(CCC(=O)O)=C2)=N1,O=C(O)CCc1cccc(C(=O)NO)c1,0.54
CN(C(=O)CCNC(=O)C(C)(N)C1=CC=CC=C1Cl)C1=CC=CC=C1,CN(C(=O)CCNC(=O)O)c1ccccc1,0.5652173913043478
CN(C(=O)CCNC(=O)C1=C(C(C)(C)C)C=NN1)C1=CC=CC=C1,CN(C(=O)CCNC(=O)O)c1ccccc1,0.5416666666666666
CN(C(=O)CCNC(=O)C1=C(CN)C2=CC=CC=C2S1)C1=CC=CC=C1,CN(C(=O)CCNC(=O)O)c1ccccc1,0.5306122448979592
CN(C(=O)CCNC(=O)C1=NOC(C2=CC=NS2)=C1)C1=CC=CC=C1,CN(C(=O)CCNC(=O)O)c1ccccc1,0.5
CN(C(=O)CCNC(=O)CN1CCN(C2=CC=NC=C2)CC1)C1=CC=CC=C1,CN(C(=O)CCNC(=O)O)c1ccccc1,0.5098039215686274
CN(C(=O)CCNC(=O)N1CC2CC1C1=CC=CC=C12)C1=CC=CC=C1,CN(C(=O)CCNC(=O)O)c1ccccc1,0.5416666666666666
CN(C(=O)CCNC(=O)NC(C)(C)C1=CC=C(C#N)C=C1)C1=CC=CC=C1,CN(C(=O)CCNC(=O)O)c1ccccc1,0.5306122448979592
CN(C(=O)CCNC(=O)NC1=CN=CC2=CN=CC=C12)C1=CC=CC=C1,CN(C(=O)CCNC(=O)O)c1ccccc1,0.52
CN(C)CC(CC(=O)NCCC(=O)N(C)C1=CC=CC=C1)C(F)F,CN(C(=O)CCNC(=O)O)c1ccccc1,0.5777777777777777
CN(C)CCC1=CC=CC(C(=O)NCC2=CC=CC=C2CCC(=O)O)=C1,O=C(O)CCc1cccc(C(=O)NO)c1,0.5102040816326531
CN1C=CC=C1CCNC(=O)C1=CC=CC(CCC(=O)O)=C1,O=C(O)CCc1cccc(C(=O)NO)c1,0.5652173913043478
COC(=O)C(CC(F)(F)F)N(C)C(=O)NCCC(=O)N(C)C1=CC=CC=C1,CN(C(=O)CCNC(=O)O)c1ccccc1,0.5416666666666666
COC1CC(CNC(=O)NCCC(=O)N(C)C2=CC=CC=C2)C1(C)C,CN(C(=O)CCNC(=O)O)c1ccccc1,0.5098039215686274
O=C(O)CCC1=CC=CC(C(=O)NCC2=CC(Br)=CN=C2)=C1,O=C(O)CCc1cccc(C(=O)NO)c1,0.5869565217391305
O=C(O)CCC1=CC=CC(C(=O)NCC2=CC=C3OC=CC3=C2)=C1,O=C(O)CCc1cccc(C(=O)NO)c1,0.5306122448979592
O=C(O)CCC1=CC=CC(C(=O)N[C@@]23CCC[C@@H]2C3)=C1,O=C(O)CCc1cccc(C(=O)NO)c1,0.5416666666666666
CC(C)(C)C1=CN=C(CNC(=O)C2=CC(CCC(=O)O)=CC=C2)O1,O=C(O)CCc1cccc(C(=O)NO)c1,0.5098039215686274
C[C@H](O)C1=CC=CN=C1NCCC(=O)N(C)C1=CC=CC=C1,CN(C(=O)CCNC(=O)O)c1ccccc1,0.5
CC(C)C(F)(F)C(=O)NC1=CC=C(CNC(N)=O)C=C1,NC(=O)NCc1ccc(C(F)(F)F)cc1,0.5365853658536586
CC(CC1CCOCC1)NC(=O)C1=CC=CC(CCC(=O)O)=C1,O=C(O)CCc1cccc(C(=O)NO)c1,0.5098039215686274
CC1(C)OCCC1NC(=O)C1=CC=CC(CCC(=O)O)=C1,O=C(O)CCc1cccc(C(=O)NO)c1,0.574468085106383
CC1=C(C(=O)NCCC(=O)N(C)C2=CC=CC=C2)NC(C2CC2)=N1,CN(C(=O)CCNC(=O)O)c1ccccc1,0.54
CC1=C(NC(=O)C2=CC(CCC(=O)O)=CC=C2)C=NC2=CC=CC=C12,O=C(O)CCc1cccc(C(=O)NO)c1,0.5098039215686274
CC1=C(NC(=O)C2=CC=CC(CCC(=O)O)=C2)N(C)C=N1,O=C(O)CCc1cccc(C(=O)NO)c1,0.5416666666666666
CC1=CC(NC(=O)NCCC(=O)N(C)C2=CC=CC=C2)=CC2=C1OC=C2,CN(C(=O)CCNC(=O)O)c1ccccc1,0.5294117647058824
CC1=CC=C2C=NC(C(=O)NCCC(=O)N(C)C3=CC=CC=C3)=CC2=C1,CN(C(=O)CCNC(=O)O)c1ccccc1,0.5510204081632653
CC1=CC=CC(C(C)(C)CNC(=O)C2=CC=CC(CCC(=O)O)=C2)=N1,O=C(O)CCc1cccc(C(=O)NO)c1,0.52
CC1=CC=CC(C2(NC(=O)C3=CC(CCC(=O)O)=CC=C3)CCC2)=C1,O=C(O)CCc1cccc(C(=O)NO)c1,0.52
CC1=NC2=NC=CC=C2C=C1CC(=O)NCCC(=O)N(C)C1=CC=CC=C1,CN(C(=O)CCNC(=O)O)c1ccccc1,0.5192307692307693
CC1=NC=CC2=C1NC(C(=O)NCCC(=O)N(C)C1=CC=CC=C1)=C2,CN(C(=O)CCNC(=O)O)c1ccccc1,0.5294117647058824
COC(=O)C1=CC=CC(C2(C(=O)NCCC(=O)N(C)C3=CC=CC=C3)CC2)=C1,CN(C(=O)CCNC(=O)O)c1ccccc1,0.5
COC1(C(N)=O)CN(C(=O)NCCC(=O)N(C)C2=CC=CC=C2)C1,CN(C(=O)CCNC(=O)O)c1ccccc1,0.5306122448979592
COC1=C(C)C=C(Cl)C=C1NC(=O)C1=CC(CCC(=O)O)=CC=C1,O=C(O)CCc1cccc(C(=O)NO)c1,0.5098039215686274
CC1CN(C(=O)NCCC(=O)N(C)C2=CC=CC=C2)CCN1S(C)(=O)=O,CN(C(=O)CCNC(=O)O)c1ccccc1,0.5098039215686274
CCC1(N2CCN(C(=O)NCCC(=O)N(C)C3=CC=CC=C3)CC2)COC1,CN(C(=O)CCNC(=O)O)c1ccccc1,0.5098039215686274
COC1=CC(OC(C)C)=CC=C1NC(=O)C1=CC=CC(CCC(=O)O)=C1,O=C(O)CCc1cccc(C(=O)NO)c1,0.5
COC1=CC=C(C2CC2)C(C(=O)NCCC(=O)N(C)C2=CC=CC=C2)=C1,CN(C(=O)CCNC(=O)O)c1ccccc1,0.5
COC1=CC=NC(NC(=O)NCCC(=O)N(C)C2=CC=CC=C2)=C1C,CN(C(=O)CCNC(=O)O)c1ccccc1,0.54
COC[C@@H]1C[C@H]1NC(=O)NCCC(=O)N(C)C1=CC=CC=C1,CN(C(=O)CCNC(=O)O)c1ccccc1,0.5416666666666666
CS(C)(=O)=NC(=O)NCC1=CC=C(C(F)(F)F)C=C1,NC(=O)NCc1ccc(C(F)(F)F)cc1,0.5641025641025641
CCC1=CC(F)=CC(NC(=O)NCCC(=O)N(C)C2=CC=CC=C2)=C1,CN(C(=O)CCNC(=O)O)c1ccccc1,0.5306122448979592
CCCOC1(C(=O)NCCC(=O)N(C)C2=CC=CC=C2)CCNCC1,CN(C(=O)CCNC(=O)O)c1ccccc1,0.5098039215686274
CCN(CC)C(=O)CNC(=O)C1=CC=CC(CCC(=O)O)=C1,O=C(O)CCc1cccc(C(=O)NO)c1,0.5909090909090909
CN(C(=O)CCNC(=O)C(C)(C)C1CCCN1)C1=CC=CC=C1,CN(C(=O)CCNC(=O)O)c1ccccc1,0.5306122448979592
CN(C(=O)CCNC(=O)C1(C2=CC(Br)=CC=N2)CC1)C1=CC=CC=C1,CN(C(=O)CCNC(=O)O)c1ccccc1,0.5
CN(C(=O)CCNC(=O)C1=C(F)C2=CC=CN=C2C=C1)C1=CC=CC=C1,CN(C(=O)CCNC(=O)O)c1ccccc1,0.5098039215686274
CN(C(=O)CCNC(=O)C1=C(N)SC(CN)=N1)C1=CC=CC=C1,CN(C(=O)CCNC(=O)O)c1ccccc1,0.5306122448979592
CN(C(=O)CCNC(=O)C1=CC=C2N=NN(C)C2=N1)C1=CC=CC=C1,CN(C(=O)CCNC(=O)O)c1ccccc1,0.5098039215686274
CN(C(=O)CCNC(=O)C1=CC=CN2N=NC=C12)C1=CC=CC=C1,CN(C(=O)CCNC(=O)O)c1ccccc1,0.5306122448979592
CN(C(=O)CCNC(=O)C1=CN(CCN)N=C1)C1=CC=CC=C1,CN(C(=O)CCNC(=O)O)c1ccccc1,0.52
CN(C(=O)CCNC(=O)C1=CN=C(NCC(F)(F)F)C=N1)C1=CC=CC=C1,CN(C(=O)CCNC(=O)O)c1ccccc1,0.5
CN(C(=O)CCNC(=O)C1CC(C)(C)CN1C)C1=CC=CC=C1,CN(C(=O)CCNC(=O)O)c1ccccc1,0.5416666666666666
CN(C(=O)CCNC(=O)C1CCOCC12CCCCC2)C1=CC=CC=C1,CN(C(=O)CCNC(=O)O)c1ccccc1,0.5
CN(C(=O)CCNC(=O)CC1(C(F)F)CC1)C1=CC=CC=C1,CN(C(=O)CCNC(=O)O)c1ccccc1,0.5777777777777777
CN(C(=O)CCNC(=O)CC1(C2=CC=CC=C2)CNC1)C1=CC=CC=C1,CN(C(=O)CCNC(=O)O)c1ccccc1,0.5777777777777777
CN(C(=O)CCNC(=O)CC1=NNC(=O)S1)C1=CC=CC=C1,CN(C(=O)CCNC(=O)O)c1ccccc1,0.5416666666666666
CN(C(=O)CCNC(=O)CC1CCC(C)(C)CN1)C1=CC=CC=C1,CN(C(=O)CCNC(=O)O)c1ccccc1,0.5098039215686274
CN(C(=O)CCNC(=O)CCCC1=NNC=N1)C1=CC=CC=C1,CN(C(=O)CCNC(=O)O)c1ccccc1,0.5531914893617021
CN(C(=O)CCNC(=O)N1CC(C2=CC=NN2C)C1)C1=CC=CC=C1,CN(C(=O)CCNC(=O)O)c1ccccc1,0.5
CN(C(=O)CCNC(=O)NC1=NSC=C1Br)C1=CC=CC=C1,CN(C(=O)CCNC(=O)O)c1ccccc1,0.5416666666666666
CN(C(=O)CCNC(=O)NCC1(C2=CC=CC(O)=N2)CCC1)C1=CC=CC=C1,CN(C(=O)CCNC(=O)O)c1ccccc1,0.5
CN(C(=O)CCNC(=O)NCC12CCOC(C)(C1)C2)C1=CC=CC=C1,CN(C(=O)CCNC(=O)O)c1ccccc1,0.52
CN(C(=O)CCNC(=O)NCC1CC(S(C)(=O)=O)C1)C1=CC=CC=C1,CN(C(=O)CCNC(=O)O)c1ccccc1,0.5416666666666666
CN(C)CC1=CC=C(NC(=O)C2=CC=CC(CCC(=O)O)=C2)C=C1F,O=C(O)CCc1cccc(C(=O)NO)c1,0.5098039215686274
CN1CCC(C(=O)NCCC(=O)N(C)C2=CC=CC=C2)(C(F)(F)F)C1,CN(C(=O)CCNC(=O)O)c1ccccc1,0.54
NS(=O)(=O)C1=CC(C2=CC(CCC(=O)O)=CC=C2)=CC=C1O,O=C(O)CCc1cccc(-c2ccccc2)c1,0.6153846153846154
O=C(NCC1=CC=C(C(F)(F)F)C=C1)C1C2CC2C2CC21,NC(=O)NCc1ccc(C(F)(F)F)cc1,0.5641025641025641
O=C(O)CCC1=CC(C(=O)NC(CO)CC2=CC=CC=C2Cl)=CC=C1,O=C(O)CCc1cccc(C(=O)NO)c1,0.52
O=C(O)CCC1=CC=CC(C(=O)NC2=CC=C(C3=CSN=N3)C=C2)=C1,O=C(O)CCc1cccc(C(=O)NO)c1,0.5098039215686274
O=C(O)CCC1=CC=CC(C(=O)NC2=CC=C3COCCC3=C2)=C1,O=C(O)CCc1cccc(C(=O)NO)c1,0.5098039215686274
O=C(O)CCC1=CC=CC(C(=O)NC2CC3CCCC(C2)C3(F)F)=C1,O=C(O)CCc1cccc(C(=O)NO)c1,0.52
O=C(O)CCC1=CC=CC(C(=O)NCC2=NC(C(F)(F)F)=CC=N2)=C1,O=C(O)CCc1cccc(C(=O)NO)c1,0.5
O=C(O)CCC1=CC=CC(C(=O)N[C@@H]2CC[C@@](O)(C(F)(F)F)C2)=C1,O=C(O)CCc1cccc(C(=O)NO)c1,0.5
CC1(C)CNC(=O)C1NC(=O)C1=CC=CC(CCC(=O)O)=C1,O=C(O)CCc1cccc(C(=O)NO)c1,0.52
CC1(NC(=O)C2=CC=CC(CCC(=O)O)=C2)CCOC12CC2(F)F,O=C(O)CCc1cccc(C(=O)NO)c1,0.5
CC1=C(C2(C(=O)NCCC(=O)N(C)C3=CC=CC=C3)CC2)NN=C1,CN(C(=O)CCNC(=O)O)c1ccccc1,0.54
CC1=CC2=CC(C(=O)NCCC(=O)N(C)C3=CC=CC=C3)=C(Cl)C=C2N1,CN(C(=O)CCNC(=O)O)c1ccccc1,0.54
CC1=CC=CC=C1N1N=NN=C1NC(=O)NCCC(=O)N(C)C1=CC=CC=C1,CN(C(=O)CCNC(=O)O)c1ccccc1,0.5192307692307693
CC1=NC(C(C)NC(=O)C2=CC(CCC(=O)O)=CC=C2)=NC=C1,O=C(O)CCc1cccc(C(=O)NO)c1,0.5098039215686274
CCOC12CC(C1)N(C(=O)NCCC(=O)N(C)C1=CC=CC=C1)C2,CN(C(=O)CCNC(=O)O)c1ccccc1,0.5098039215686274
CC[C@@H]1C[C@H](NC(=O)NCCC(=O)N(C)C2=CC=CC=C2)CCO1,CN(C(=O)CCNC(=O)O)c1ccccc1,0.5
CN(C(=O)CCNC(=O)C1(NC(=O)OC(C)(C)C)CCC12CC2)C1=CC=CC=C1,CN(C(=O)CCNC(=O)O)c1ccccc1,0.5
CN(C(=O)CCNC(=O)C12CC(C)(C1)C(C(F)(F)F)O2)C1=CC=CC=C1,CN(C(=O)CCNC(=O)O)c1ccccc1,0.5
CN(C(=O)CCNC(=O)C1=C2N=CN=C(N)N2N=C1)C1=CC=CC=C1,CN(C(=O)CCNC(=O)O)c1ccccc1,0.5
CN(C(=O)CCNC(=O)C1=CC=C(F)C2=C1OCC2)C1=CC=CC=C1,CN(C(=O)CCNC(=O)O)c1ccccc1,0.5
CN(C(=O)CCNC(=O)C1=CC=CC(CNC(=O)C2CC2)=C1)C1=CC=CC=C1,CN(C(=O)CCNC(=O)O)c1ccccc1,0.5
CN(C(=O)CCNC(=O)C1=CC=CC2=C1CCC2N)C1=CC=CC=C1,CN(C(=O)CCNC(=O)O)c1ccccc1,0.5098039215686274
CN(C(=O)CCNC(=O)C1CC(N2C=CN=C2)C1)C1=CC=CC=C1,CN(C(=O)CCNC(=O)O)c1ccccc1,0.5
CN(C(=O)CCNC(=O)CC1(N)CCCS(=O)(=O)C1)C1=CC=CC=C1,CN(C(=O)CCNC(=O)O)c1ccccc1,0.5
CN(C(=O)CCNC(=O)N1CC2(CC2C(F)(F)F)C1)C1=CC=CC=C1,CN(C(=O)CCNC(=O)O)c1ccccc1,0.5098039215686274
CN1C=CC2=CC(NC(=O)C3=CC(CCC(=O)O)=CC=C3)=CC=C21,O=C(O)CCc1cccc(C(=O)NO)c1,0.52
CN1CCC2=CC(C(=O)NCCC(=O)N(C)C3=CC=CC=C3)=CC=C2C1,CN(C(=O)CCNC(=O)O)c1ccccc1,0.5
COC1=NC(C(=O)NCCC(=O)N(C)C2=CC=CC=C2)=NC=C1F,CN(C(=O)CCNC(=O)O)c1ccccc1,0.52
C[C@@H](NC(=O)C1=CC(CCC(=O)O)=CC=C1)C1=NN(C)C=C1,O=C(O)CCc1cccc(C(=O)NO)c1,0.52
COC1=CC=CC=C1CS(=O)(=O)NCCC(=O)N(C)C1=CC=CC=C1,CN(C(=O)CCNC(=O)O)c1ccccc1,0.5106382978723404
O=C(O)CCC1=CC=CC(C(=O)NCC23CC(C(F)F)(CO2)C3)=C1,O=C(O)CCc1cccc(C(=O)NO)c1,0.5
O=C(O)CCC1=CC=CC(C(=O)NCC2=NN(C3CC3)C=C2)=C1,O=C(O)CCc1cccc(C(=O)NO)c1,0.5
CN(C(=O)CCNC(=O)C1=CC=C(C(=O)O)C=C1C(F)(F)F)C1=CC=CC=C1,CN(C(=O)CCNC(=O)O)c1ccccc1,0.5306122448979592
CC1=CN2C(C(=O)NCCC(=O)N(C)C3=CC=CC=C3)=C(Cl)N=C2S1,CN(C(=O)CCNC(=O)O)c1ccccc1,0.5192307692307693
CC(C#N)CS(=O)(=O)NCCC(=O)N(C)C1=CC=CC=C1,CN(C(=O)CCNC(=O)O)c1ccccc1,0.5106382978723404
CC1=CC(NCCC(=O)N(C)C2=CC=CC=C2)=CN=N1,CN(C(=O)CCNC(=O)O)c1ccccc1,0.5555555555555556
CC1(C)C(O)C(C)(C)C1NC(=O)C1=CC(CCC(=O)O)=CC=C1,O=C(O)CCc1cccc(C(=O)NO)c1,0.5909090909090909
CC1CC1CN(C)C(=O)NCCC(=O)N(C)C1=CC=CC=C1,CN(C(=O)CCNC(=O)O)c1ccccc1,0.6046511627906976
CCC1=CC=C(C)C(C(=O)NCCC(=O)N(C)C2=CC=CC=C2)=C1,CN(C(=O)CCNC(=O)O)c1ccccc1,0.6
CN(C(=O)CCNC(=O)C1(O)CCC(C2=CC=CC=C2)CC1)C1=CC=CC=C1,CN(C(=O)CCNC(=O)O)c1ccccc1,0.5531914893617021
CN(C(=O)CCNC(=O)C1CC(CC(F)F)C1)C1=CC=CC=C1,CN(C(=O)CCNC(=O)O)c1ccccc1,0.5531914893617021
CN(C(=O)CCNC(=O)C1CC2CC(=O)CC(C1)N2)C1=CC=CC=C1,CN(C(=O)CCNC(=O)O)c1ccccc1,0.5416666666666666
CN(C(=O)CCNC(=O)CC1CC(O)C12CCC2)C1=CC=CC=C1,CN(C(=O)CCNC(=O)O)c1ccccc1,0.52
CN(C(=O)CCNC(=O)NCC(C)(CO)C1=CC=CC=C1)C1=CC=CC=C1,CN(C(=O)CCNC(=O)O)c1ccccc1,0.5777777777777777
CN(C(=O)CCNC(=O)[C@@H]1C[C@H]2C[C@@H](C1)[C@H](O)C2)C1=CC=CC=C1,CN(C(=O)CCNC(=O)O)c1ccccc1,0.5416666666666666
CN(C)CC[C@@H](C(=O)NCCC(=O)N(C)C1=CC=CC=C1)N(C)C,CN(C(=O)CCNC(=O)O)c1ccccc1,0.6046511627906976
CN(CC1=CC=CC(C2=CC=CC=C2)=C1)C(=O)[C@@H](CCC(=O)O)N(C)C,O=C(O)CCc1cccc(-c2ccccc2)c1,0.5
CN1C(=O)N(C)C2=CC(C3=CC=CC(CCCC(=O)O)=C3)=CC=C21,O=C(O)CCc1cccc(-c2ccccc2)c1,0.5
CC(C(=O)NCCC(=O)N(C)C1=CC=CC=C1)C1=NOC=C1,CN(C(=O)CCNC(=O)O)c1ccccc1,0.5531914893617021
CC(C)(NC(=O)C1=CC=CC(CCC(=O)O)=C1)C(F)C1=CC=CC=C1,O=C(O)CCc1cccc(C(=O)NO)c1,0.5531914893617021
CC(C)OCC1=CC=CC=C1CC(=O)NCCC(=O)N(C)C1=CC=CC=C1,CN(C(=O)CCNC(=O)O)c1ccccc1,0.5531914893617021
CC1=CC=C(F)C(O)=C1C(=O)NCCC(=O)N(C)C1=CC=CC=C1,CN(C(=O)CCNC(=O)O)c1ccccc1,0.6
O=C(O)CCC1=CC=CC(C(=O)NCC(O)(C(F)(F)F)C(F)(F)F)=C1,O=C(O)CCc1cccc(C(=O)NO)c1,0.6046511627906976
